operator_id,total_calls,missed_calls,missed_call_rate,avg_waiting_time,outbound_calls,internal_call_rate,avg_call_duration,classification
879896,1131,255,0.22546419098143236,517.579133510168,1071,0.05128205128205128,4039.235190097259,Ineficaz parcial
879898,7974,2594,0.3253072485578129,818.573112616002,7856,0.002382743917732631,2756.355154251317,Ineficaz parcial
880020,54,30,0.5555555555555556,28.48148148148148,46,0.07407407407407407,146.24074074074073,Ineficaz parcial
880022,219,118,0.5388127853881278,128.02739726027397,211,0.0684931506849315,295.0730593607306,Ineficaz parcial
880026,2439,696,0.2853628536285363,158.3169331693317,2414,0.008610086100861008,1539.970069700697,Zona media
880028,2906,1110,0.38196834136269786,299.15450791465935,2836,0.0030970406056434964,1216.9755677907776,Ineficaz parcial
880240,49,18,0.3673469387755102,135.40816326530611,49,0.14285714285714285,1407.5102040816328,Zona media
881278,20,17,0.85,10.7,20,0.4,69.75,Ineficaz parcial
882476,3,0,0.0,31.666666666666668,0,0.0,64.0,Eficiente
882478,4,1,0.25,36.5,1,0.75,19.75,Eficiente
882680,109,3,0.027522935779816515,56.24770642201835,0,0.01834862385321101,211.69724770642202,Eficiente
882684,1364,222,0.1627565982404692,222.53519061583577,721,0.007331378299120235,2832.883431085044,Ineficaz parcial
882686,3931,1000,0.2543881963876876,681.8509285169168,3094,0.0025438819638768763,3630.2922920376495,Ineficaz parcial
882688,82,15,0.18292682926829268,259.0975609756098,62,0.0,1706.9512195121952,Ineficaz parcial
882690,1766,572,0.32389580973952437,906.5118912797282,1590,0.0005662514156285391,4317.833522083805,Ineficaz parcial
883018,2,2,1.0,15.0,2,0.0,0.0,Ineficaz parcial
883898,1,0,0.0,10.0,1,0.0,70.0,Eficiente
883940,694,258,0.37175792507204614,395.72334293948126,686,0.0,991.8587896253603,Ineficaz parcial
883942,2327,586,0.2518263859045982,293.6218306832832,2228,0.0004297378599054577,1916.9853889127633,Ineficaz parcial
884294,1,0,0.0,6.0,0,0.0,5.0,Eficiente
884402,4,1,0.25,26.25,4,0.75,96.5,Eficiente
884406,6,4,0.6666666666666666,37.0,6,1.0,2.6666666666666665,Ineficaz parcial
884408,66,24,0.36363636363636365,92.0,25,0.30303030303030304,128.62121212121212,Zona media
884412,863,352,0.4078794901506373,399.76477404403244,843,0.026651216685979143,1175.5538818076477,Muy ineficaz
884478,2361,1180,0.49978822532825073,775.3994070309191,2336,0.0016941973739940702,987.5789919525624,Muy ineficaz
884524,3,0,0.0,10.333333333333334,0,0.0,26.0,Eficiente
884946,2042,844,0.41332027424094026,1011.3334965719882,2030,0.0009794319294809011,1167.929970617042,Muy ineficaz
885682,3,3,1.0,17.0,3,0.0,0.0,Ineficaz parcial
885876,66049,27388,0.41466184196581324,14851.850217262941,64897,4.5420823933746156e-05,45730.51953852443,Muy ineficaz
885890,66016,26141,0.3959797624818226,10367.30279023267,64653,0.0,28406.319604338343,Ineficaz parcial
886146,52,21,0.40384615384615385,159.30769230769232,51,0.0,837.3461538461538,Ineficaz parcial
886674,14,0,0.0,17.142857142857142,0,0.0,21.071428571428573,Eficiente
886892,2,0,0.0,58.0,0,0.0,72.0,Eficiente
887276,1421,293,0.20619282195636876,134.4109781843772,963,0.20408163265306123,698.1724137931035,Zona media
887278,328,42,0.12804878048780488,45.353658536585364,274,0.7317073170731707,416.5487804878049,Eficiente
887280,8,6,0.75,2.5,8,0.0,3.875,Ineficaz parcial
887282,2452,721,0.2940456769983687,554.6737357259381,2423,0.0020391517128874386,3351.6247960848286,Ineficaz parcial
887416,22,0,0.0,42.40909090909091,0,0.0,553.7727272727273,Eficiente
887802,145,49,0.33793103448275863,46.01379310344828,125,0.006896551724137931,335.9655172413793,Zona media
887992,47,23,0.48936170212765956,138.08510638297872,47,0.0,219.53191489361703,Ineficaz parcial
888406,15,6,0.4,31.066666666666666,6,0.0,60.666666666666664,Zona media
888520,6,0,0.0,21.833333333333332,0,0.0,245.66666666666666,Eficiente
888532,218,50,0.22935779816513763,32.24770642201835,206,0.9403669724770642,183.55045871559633,Eficiente
888534,398,166,0.41708542713567837,260.464824120603,337,0.24874371859296482,271.8065326633166,Muy ineficaz
888536,60,14,0.23333333333333334,31.766666666666666,58,0.95,51.25,Eficiente
888538,7,2,0.2857142857142857,16.714285714285715,6,0.5714285714285714,131.0,Zona media
888540,20,6,0.3,17.1,17,0.8,131.45,Zona media
888868,77,24,0.3116883116883117,73.88311688311688,54,0.23376623376623376,196.1818181818182,Zona media
889410,1568,276,0.1760204081632653,126.65497448979592,1104,0.0006377551020408163,510.2448979591837,Zona media
889638,4,0,0.0,21.25,0,0.0,13.0,Eficiente
889640,2,0,0.0,13.5,0,0.0,25.0,Eficiente
889754,1853,485,0.2617377226119806,282.32218024824607,1342,0.0005396654074473826,1019.2164058283864,Ineficaz parcial
890226,7,3,0.42857142857142855,18.857142857142858,3,0.0,11.571428571428571,Ineficaz parcial
890228,109,32,0.29357798165137616,82.65137614678899,103,0.027522935779816515,284.5963302752294,Zona media
890232,39,0,0.0,48.97435897435897,39,0.0,1582.179487179487,Eficiente
890234,1,0,0.0,12.0,1,0.0,85.0,Eficiente
890402,1928,496,0.2572614107883817,154.2847510373444,1380,0.0005186721991701245,2041.2878630705395,Zona media
890404,2066,552,0.2671829622458858,174.30154888673766,1484,0.002420135527589545,2171.8581800580832,Zona media
890406,1821,462,0.25370675453047775,150.23613399231192,1347,0.001098297638660077,2281.627127951675,Zona media
890410,1369,508,0.3710737764791819,224.73484295105916,1353,0.003652300949598247,2165.5412710007304,Ineficaz parcial
890412,1373,407,0.2964311726147123,225.68463219227968,1344,0.0007283321194464676,2196.2469045884923,Ineficaz parcial
890416,1380,457,0.33115942028985507,250.75507246376813,1380,0.0,2136.260144927536,Ineficaz parcial
890420,746,255,0.3418230563002681,251.86729222520108,746,0.0,2187.0603217158177,Ineficaz parcial
890422,487,183,0.3757700205338809,214.72484599589322,487,0.0,1521.2895277207392,Ineficaz parcial
890582,181,43,0.23756906077348067,46.24309392265194,67,0.03314917127071823,137.3756906077348,Eficiente
890618,357,140,0.39215686274509803,183.57703081232492,279,0.0,510.5742296918767,Zona media
891152,286,91,0.3181818181818182,112.21678321678321,286,0.0,981.8881118881119,Zona media
891154,603,176,0.29187396351575456,142.07794361525706,603,0.004975124378109453,3073.1111111111113,Zona media
891156,24,8,0.3333333333333333,36.083333333333336,24,0.0,633.0833333333334,Zona media
891158,305,90,0.29508196721311475,58.377049180327866,305,0.006557377049180328,1407.3475409836065,Zona media
891160,426,118,0.27699530516431925,284.86150234741785,426,0.0,1409.6361502347418,Ineficaz parcial
891162,114,36,0.3157894736842105,117.78070175438596,114,0.0,744.8421052631579,Zona media
891166,275,74,0.2690909090909091,57.61090909090909,275,0.0,1245.5018181818182,Zona media
891170,219,63,0.2876712328767123,145.5296803652968,219,0.0,1076.447488584475,Zona media
891192,1,0,0.0,32.0,1,0.0,1306.0,Eficiente
891250,2,0,0.0,18.0,2,0.0,110.0,Eficiente
891252,98,49,0.5,111.51020408163265,98,0.0,354.48979591836735,Ineficaz parcial
891254,2,0,0.0,26.0,0,0.0,79.0,Eficiente
891410,3773,1086,0.2878346143652266,202.90935595017228,3031,0.023323615160349854,2324.9159819772067,Ineficaz parcial
891414,3374,1030,0.3052756372258447,157.47095435684648,2846,0.036751630112625965,2071.3061647895674,Zona media
891416,966,318,0.32919254658385094,80.39337474120083,814,0.06418219461697723,811.0320910973085,Zona media
891646,8,0,0.0,25.875,0,0.0,29.125,Eficiente
891744,14,2,0.14285714285714285,21.357142857142858,9,0.0,29.428571428571427,Eficiente
891746,37,13,0.35135135135135137,163.8108108108108,37,0.0,198.3783783783784,Zona media
891824,46,11,0.2391304347826087,23.73913043478261,34,0.0,318.5869565217391,Eficiente
891900,36,0,0.0,104.33333333333333,0,0.0,329.75,Zona media
891906,77,0,0.0,82.2987012987013,0,0.0,554.7402597402597,Eficiente
891908,51,8,0.1568627450980392,16.313725490196077,11,0.0392156862745098,300.05882352941177,Eficiente
891918,8,1,0.125,29.75,1,0.0,62.0,Eficiente
891946,52,19,0.36538461538461536,73.25,35,0.07692307692307693,70.13461538461539,Zona media
891948,1,0,0.0,3.0,0,0.0,33.0,Eficiente
891970,21,9,0.42857142857142855,107.85714285714286,21,0.0,316.0,Ineficaz parcial
891976,2,2,1.0,23.0,2,0.0,0.0,Ineficaz parcial
891988,944,126,0.13347457627118645,88.34427966101696,503,0.0,868.2987288135594,Eficiente
892028,1554,540,0.3474903474903475,708.2554697554698,1554,0.002574002574002574,1174.420205920206,Ineficaz parcial
892530,21,7,0.3333333333333333,41.857142857142854,10,0.047619047619047616,71.0952380952381,Zona media
892532,176,37,0.21022727272727273,73.96022727272727,102,0.005681818181818182,296.8806818181818,Eficiente
892534,46,5,0.10869565217391304,135.2826086956522,11,0.0,1189.108695652174,Zona media
892536,34,11,0.3235294117647059,35.55882352941177,17,0.0,131.88235294117646,Zona media
892538,135,35,0.25925925925925924,152.46666666666667,123,0.0,559.4296296296296,Zona media
892798,37,30,0.8108108108108109,137.86486486486487,36,0.0,30.18918918918919,Ineficaz parcial
892800,10,5,0.5,47.7,10,0.0,645.5,Ineficaz parcial
893172,46,2,0.043478260869565216,42.108695652173914,3,0.06521739130434782,184.65217391304347,Eficiente
893400,6,1,0.16666666666666666,18.0,3,0.3333333333333333,15.166666666666666,Eficiente
893402,424,28,0.0660377358490566,229.05188679245282,56,0.02122641509433962,561.3844339622641,Ineficaz parcial
893420,245,14,0.05714285714285714,219.3469387755102,36,0.0163265306122449,1065.0,Ineficaz parcial
893674,2701,1022,0.3783783783783784,860.8511662347279,2701,0.0018511662347278786,1324.3217326915958,Ineficaz parcial
893700,8,3,0.375,87.375,8,0.0,8.5,Zona media
893804,6570,1604,0.2441400304414003,445.0978691019787,3938,0.0073059360730593605,1609.3246575342466,Ineficaz parcial
894120,24,1,0.041666666666666664,47.333333333333336,0,0.0,198.58333333333334,Eficiente
894224,50,34,0.68,35.58,33,0.86,42.4,Ineficaz parcial
894226,25,17,0.68,36.92,25,0.8,11.68,Ineficaz parcial
894230,21,11,0.5238095238095238,24.333333333333332,15,0.9523809523809523,57.57142857142857,Ineficaz parcial
894232,21,10,0.47619047619047616,29.285714285714285,16,1.0,43.42857142857143,Ineficaz parcial
894614,8,1,0.125,19.375,0,0.0,201.625,Eficiente
894656,3416,1368,0.40046838407494145,242.00644028103045,3396,0.0,1112.5725995316159,Muy ineficaz
894662,49,14,0.2857142857142857,45.02040816326531,48,0.061224489795918366,779.469387755102,Zona media
894934,20,18,0.9,34.55,20,0.0,3.0,Ineficaz parcial
895140,4,0,0.0,109.5,0,0.0,47.25,Zona media
895170,11,0,0.0,17.181818181818183,0,0.0,74.0909090909091,Eficiente
895172,95,43,0.45263157894736844,62.98947368421052,86,0.031578947368421054,231.90526315789472,Ineficaz parcial
895266,4,1,0.25,10.75,1,0.0,12.0,Eficiente
895370,10,3,0.3,48.3,10,0.0,151.9,Zona media
895574,99,3,0.030303030303030304,44.01010101010101,0,0.0,334.74747474747477,Eficiente
895576,80,1,0.0125,38.9875,0,0.0,221.6375,Eficiente
895578,64,0,0.0,38.96875,0,0.0,165.859375,Eficiente
895598,5,1,0.2,11.2,2,0.0,21.2,Eficiente
895774,131,59,0.45038167938931295,93.95419847328245,118,0.0,219.3053435114504,Ineficaz parcial
895776,264,104,0.3939393939393939,129.95833333333334,252,0.003787878787878788,500.64772727272725,Zona media
895782,14,0,0.0,33.357142857142854,0,0.0,71.0,Eficiente
895786,46,0,0.0,77.45652173913044,0,0.0,207.32608695652175,Eficiente
896008,202,36,0.1782178217821782,37.57920792079208,202,1.0,275.7475247524753,Eficiente
896010,15,5,0.3333333333333333,22.066666666666666,5,0.13333333333333333,57.333333333333336,Zona media
896012,270,1,0.003703703703703704,31.774074074074075,0,0.0,656.3592592592593,Eficiente
896014,28,7,0.25,18.142857142857142,9,0.07142857142857142,81.21428571428571,Eficiente
896016,377,125,0.33156498673740054,58.3368700265252,294,0.23076923076923078,455.8832891246684,Zona media
896018,20,4,0.2,17.95,11,0.4,28.45,Eficiente
896020,16,0,0.0,6.625,0,0.0,220.4375,Eficiente
896382,437,160,0.36613272311212813,883.3935926773455,396,0.009153318077803204,3875.878718535469,Ineficaz parcial
896384,30,13,0.43333333333333335,257.76666666666665,30,0.0,1244.4,Muy ineficaz
896386,76,40,0.5263157894736842,936.3157894736842,76,0.0,1959.157894736842,Muy ineficaz
896390,97,46,0.4742268041237113,320.12371134020617,97,0.0,1486.2268041237114,Muy ineficaz
896428,259,53,0.20463320463320464,163.33204633204633,221,0.007722007722007722,1272.0733590733591,Zona media
896430,19,9,0.47368421052631576,28.157894736842106,18,0.0,135.89473684210526,Ineficaz parcial
896536,208,2,0.009615384615384616,80.47596153846153,0,0.02403846153846154,477.34615384615387,Eficiente
896538,14,1,0.07142857142857142,66.92857142857143,0,0.0,184.64285714285714,Eficiente
896708,240,61,0.25416666666666665,162.42083333333332,174,0.0,1286.9416666666666,Zona media
897030,82,41,0.5,172.9878048780488,76,0.024390243902439025,510.6829268292683,Ineficaz parcial
897872,57,17,0.2982456140350877,13.052631578947368,53,0.07017543859649122,230.3684210526316,Zona media
897894,19,0,0.0,81.73684210526316,19,0.0,3240.842105263158,Eficiente
898414,91,25,0.27472527472527475,250.04395604395606,59,0.0,1101.065934065934,Ineficaz parcial
898422,101,20,0.19801980198019803,58.504950495049506,36,0.0,556.4356435643564,Eficiente
898434,10,9,0.9,86.4,10,0.3,0.6,Ineficaz parcial
898558,23,0,0.0,69.65217391304348,0,0.0,84.8695652173913,Eficiente
898560,21,0,0.0,94.14285714285714,0,0.0,169.8095238095238,Eficiente
898676,3,0,0.0,8.333333333333334,0,0.0,94.66666666666667,Eficiente
898892,102,27,0.2647058823529412,67.99019607843137,90,0.0,150.80392156862746,Zona media
898902,22,10,0.45454545454545453,134.13636363636363,22,0.0,213.9090909090909,Ineficaz parcial
898906,147,41,0.2789115646258503,359.27891156462584,127,0.006802721088435374,1436.3265306122448,Ineficaz parcial
898920,79,8,0.10126582278481013,221.83544303797467,66,0.0,1332.139240506329,Ineficaz parcial
899076,2,2,1.0,23.5,2,0.5,0.0,Ineficaz parcial
899082,2372,534,0.2251264755480607,265.6226812816189,1659,0.00042158516020236085,588.6382799325464,Ineficaz parcial
899250,1979,684,0.34562910560889337,456.0434562910561,1670,0.001010611419909045,670.1116725618999,Ineficaz parcial
899268,32,2,0.0625,32.8125,0,0.0,134.75,Eficiente
899788,655,351,0.5358778625954198,504.7114503816794,655,0.004580152671755725,1853.4396946564887,Muy ineficaz
899790,731,409,0.5595075239398085,775.8919288645691,731,0.0,2708.986320109439,Muy ineficaz
899892,3,0,0.0,31.666666666666668,0,0.0,63.666666666666664,Eficiente
899898,2,0,0.0,25.0,0,0.0,590.0,Eficiente
899900,3,0,0.0,62.333333333333336,0,0.3333333333333333,176.0,Eficiente
899906,1,0,0.0,19.0,0,0.0,626.0,Eficiente
899912,1,0,0.0,19.0,0,0.0,189.0,Eficiente
899932,779,353,0.45314505776636715,625.0718870346598,779,0.006418485237483954,3440.7843388960205,Muy ineficaz
899964,470,226,0.4808510638297872,381.9148936170213,470,0.002127659574468085,2444.568085106383,Muy ineficaz
899968,407,195,0.47911547911547914,352.0786240786241,407,0.004914004914004914,2226.724815724816,Muy ineficaz
899972,195,108,0.5538461538461539,200.08205128205128,195,0.02564102564102564,1157.8461538461538,Muy ineficaz
900180,1904,691,0.3629201680672269,618.0625,1887,0.022058823529411766,1406.0372899159663,Ineficaz parcial
900192,3,1,0.3333333333333333,5.0,1,0.0,1.3333333333333333,Zona media
900194,110,24,0.21818181818181817,58.4,49,0.0,352.55454545454546,Eficiente
900352,558,116,0.2078853046594982,98.24193548387096,348,0.0,562.5125448028674,Eficiente
900354,708,166,0.2344632768361582,104.59887005649718,534,0.0,739.1031073446328,Zona media
900458,29,20,0.6896551724137931,117.6896551724138,28,0.0,26.93103448275862,Ineficaz parcial
900492,276,122,0.4420289855072464,85.6304347826087,258,0.0,165.09782608695653,Ineficaz parcial
900592,406,25,0.06157635467980296,69.75369458128078,121,0.014778325123152709,819.8423645320197,Eficiente
900594,250,43,0.172,45.436,215,0.0,735.608,Eficiente
900614,66,6,0.09090909090909091,19.575757575757574,40,0.0,136.46969696969697,Eficiente
900742,42,9,0.21428571428571427,28.238095238095237,18,0.11904761904761904,118.73809523809524,Eficiente
900746,77,18,0.23376623376623376,52.41558441558441,51,0.05194805194805195,304.35064935064935,Eficiente
900788,224,28,0.125,34.044642857142854,93,0.0,460.95982142857144,Eficiente
900790,105,15,0.14285714285714285,55.65714285714286,61,0.0,521.6571428571428,Eficiente
900792,9,3,0.3333333333333333,24.77777777777778,8,0.2222222222222222,31.77777777777778,Zona media
900826,648,209,0.32253086419753085,126.09876543209876,549,0.0,591.270061728395,Zona media
900892,1381,415,0.3005068790731354,117.39898624185373,1023,0.028240405503258507,567.1860970311369,Zona media
900894,342,65,0.19005847953216373,50.4766081871345,228,0.029239766081871343,405.2134502923977,Eficiente
901034,25,7,0.28,15.8,12,0.04,140.88,Zona media
901038,38,6,0.15789473684210525,26.07894736842105,33,0.2631578947368421,312.07894736842104,Eficiente
901178,358,20,0.055865921787709494,188.11731843575419,29,0.027932960893854747,1293.8519553072626,Zona media
901350,111,0,0.0,108.4054054054054,0,0.0,160.8918918918919,Zona media
901492,42,1,0.023809523809523808,34.76190476190476,3,0.0,135.21428571428572,Eficiente
901498,5,0,0.0,77.4,0,0.0,50.2,Eficiente
901584,314,50,0.1592356687898089,30.420382165605094,189,0.012738853503184714,249.45222929936307,Eficiente
901586,140,12,0.08571428571428572,24.3,96,0.007142857142857143,278.29285714285714,Eficiente
901588,91,13,0.14285714285714285,34.62637362637363,60,0.01098901098901099,257.967032967033,Eficiente
901734,30,0,0.0,48.9,0,0.0,286.03333333333336,Eficiente
901880,4655,868,0.18646616541353384,259.09473684210525,2591,0.011385606874328678,2336.7331901181524,Ineficaz parcial
901884,2846,703,0.24701335207308503,224.0154602951511,2232,0.04567814476458187,1678.1921995783555,Ineficaz parcial
901886,1786,580,0.3247480403135498,288.4703247480403,1636,0.005039193729003359,1449.7788353863382,Ineficaz parcial
901894,30,0,0.0,96.1,0,0.0,466.6666666666667,Eficiente
901992,830,283,0.3409638554216867,687.3493975903615,817,0.0,2478.0457831325302,Ineficaz parcial
901996,29,12,0.41379310344827586,225.17241379310346,26,0.06896551724137931,362.2758620689655,Muy ineficaz
902238,2,1,0.5,6.5,1,0.0,10.5,Ineficaz parcial
902510,2117,695,0.32829475673122344,661.4988190836089,1980,0.0004723665564478035,2915.4700047236656,Ineficaz parcial
902532,1216,289,0.23766447368421054,378.8610197368421,939,0.009046052631578948,2441.076480263158,Ineficaz parcial
902608,233,93,0.39914163090128757,540.8197424892704,219,0.055793991416309016,955.0,Ineficaz parcial
902720,2722,1736,0.6377663482733285,787.8166789125643,2617,0.005878030859662013,781.7927994121969,Muy ineficaz
902742,1232,595,0.48295454545454547,487.375,1232,0.004058441558441558,2505.655844155844,Muy ineficaz
902744,3457,2390,0.6913508822678623,1223.2817471796354,3457,0.0101243853051779,1078.0804165461382,Muy ineficaz
902746,2748,1752,0.6375545851528385,1108.0443959243087,2748,0.009097525473071324,1861.7569141193596,Muy ineficaz
902748,2831,1787,0.6312257152949488,1479.949841045567,2831,0.0035323207347227126,1053.6220416813846,Muy ineficaz
902774,1126,615,0.5461811722912966,776.0044404973357,1126,0.008880994671403197,1435.2815275310834,Muy ineficaz
902776,1824,1125,0.6167763157894737,1355.4265350877192,1824,0.010416666666666666,1844.1743421052631,Muy ineficaz
902778,1327,930,0.7008289374529013,1266.2049736247175,1327,0.012057272042200452,2281.5501130369253,Muy ineficaz
902782,1473,866,0.5879158180583842,800.2729124236253,1473,0.00746775288526816,2812.2396469789546,Muy ineficaz
902906,49,0,0.0,24.26530612244898,0,0.0,158.28571428571428,Eficiente
902910,31,1,0.03225806451612903,43.096774193548384,0,0.0,95.87096774193549,Eficiente
903254,1845,397,0.2151761517615176,259.0379403794038,1583,0.0005420054200542005,1082.2070460704606,Ineficaz parcial
903292,346,115,0.33236994219653176,484.73410404624275,303,0.0,2660.0953757225434,Ineficaz parcial
903312,199,19,0.09547738693467336,73.79396984924622,53,0.02512562814070352,464.84422110552765,Eficiente
903318,1646,407,0.24726609963547996,268.71506682867556,1332,0.03219927095990279,2316.566828675577,Ineficaz parcial
903390,9,0,0.0,24.555555555555557,0,0.0,82.22222222222223,Eficiente
903512,28,0,0.0,93.39285714285714,0,0.10714285714285714,210.5,Eficiente
903974,11,0,0.0,125.18181818181819,0,0.0,73.54545454545455,Zona media
903976,5,0,0.0,30.6,0,0.0,106.0,Eficiente
903978,18,9,0.5,17.666666666666668,10,0.5,60.0,Ineficaz parcial
904014,1475,575,0.3898305084745763,650.7369491525424,1429,0.0013559322033898306,1719.2305084745763,Ineficaz parcial
904016,5175,2521,0.4871497584541063,1353.1702415458938,5120,0.000966183574879227,1961.8272463768117,Muy ineficaz
904038,729,90,0.12345679012345678,68.95336076817559,231,0.0013717421124828531,1501.4471879286693,Eficiente
904044,144,18,0.125,54.423611111111114,27,0.0,738.3680555555555,Eficiente
904058,19,0,0.0,19.842105263157894,0,0.0,82.47368421052632,Eficiente
904200,20,4,0.2,30.75,12,0.1,42.15,Eficiente
904202,255,92,0.3607843137254902,339.9019607843137,246,0.0196078431372549,1488.9450980392157,Ineficaz parcial
904204,64,25,0.390625,72.8125,59,0.234375,80.375,Zona media
904284,49,0,0.0,28.816326530612244,0,0.0,117.89795918367346,Eficiente
904344,12,11,0.9166666666666666,23.75,5,0.4166666666666667,67.75,Ineficaz parcial
904372,4,0,0.0,34.0,0,0.0,22.5,Eficiente
905082,4,0,0.0,34.0,0,0.0,5.0,Eficiente
905104,536,66,0.12313432835820895,71.61940298507463,210,0.11940298507462686,407.2294776119403,Eficiente
905300,29,6,0.20689655172413793,54.93103448275862,0,0.0,40.689655172413794,Eficiente
905308,3,3,1.0,15.0,3,1.0,0.0,Ineficaz parcial
905430,949,293,0.3087460484720759,594.8598524762908,835,0.002107481559536354,2567.9251844046366,Ineficaz parcial
905432,971,401,0.4129763130792997,733.8259526261586,959,0.0,2424.6622039134913,Muy ineficaz
905470,3,0,0.0,10.0,3,1.0,94.0,Eficiente
905472,11,7,0.6363636363636364,24.818181818181817,9,0.8181818181818182,16.727272727272727,Ineficaz parcial
905478,1,0,0.0,36.0,0,0.0,22.0,Eficiente
905480,1,1,1.0,5.0,1,1.0,0.0,Ineficaz parcial
905538,3843,1214,0.3158990372105126,428.7785584179027,3579,0.06505334374186833,1733.014571948998,Ineficaz parcial
905542,2302,556,0.24152910512597742,257.6450912250217,2173,0.059079061685490875,1534.764986967854,Ineficaz parcial
905564,816,233,0.2855392156862745,92.24019607843137,758,0.24387254901960784,518.8946078431372,Zona media
905566,957,266,0.2779519331243469,117.30198537095089,910,0.3448275862068966,423.6530825496343,Zona media
905570,102,17,0.16666666666666666,42.5,102,0.9705882352941176,372.27450980392155,Eficiente
905574,479,180,0.3757828810020877,66.31941544885177,474,0.7995824634655533,212.4133611691023,Zona media
905840,7,3,0.42857142857142855,23.571428571428573,7,0.0,57.142857142857146,Ineficaz parcial
905842,1253,808,0.644852354349561,210.5099760574621,1251,0.0,733.9337589784517,Muy ineficaz
905844,1146,453,0.39528795811518325,269.5785340314136,1128,0.0,960.8961605584642,Ineficaz parcial
905862,113,16,0.1415929203539823,61.63716814159292,1,0.0,257.69026548672565,Eficiente
905870,765,185,0.24183006535947713,401.97777777777776,614,0.0,1578.6339869281046,Ineficaz parcial
905930,487,129,0.2648870636550308,59.30595482546201,407,0.057494866529774126,699.1232032854209,Zona media
905932,398,112,0.2814070351758794,58.62814070351759,359,0.05025125628140704,740.4070351758794,Zona media
905934,22,6,0.2727272727272727,13.590909090909092,21,0.18181818181818182,555.5454545454545,Zona media
906070,450,59,0.13111111111111112,1534.4711111111112,89,0.0,5567.44,Ineficaz parcial
906076,25,1,0.04,837.16,1,0.0,1578.96,Ineficaz parcial
906294,632,82,0.12974683544303797,37.1376582278481,309,0.2927215189873418,583.0601265822785,Eficiente
906296,236,52,0.22033898305084745,29.338983050847457,230,0.7838983050847458,154.85593220338984,Eficiente
906392,80,59,0.7375,48.55,61,0.7125,60.6625,Ineficaz parcial
906394,616,164,0.2662337662337662,55.88798701298701,575,0.7564935064935064,687.7321428571429,Zona media
906396,569,160,0.281195079086116,82.95079086115993,440,0.5852372583479789,462.8611599297012,Zona media
906398,107,18,0.16822429906542055,52.308411214953274,43,0.3364485981308411,276.50467289719626,Eficiente
906400,606,101,0.16666666666666666,60.32673267326733,462,0.44884488448844884,373.71287128712873,Eficiente
906402,24,7,0.2916666666666667,24.25,17,0.375,191.79166666666666,Zona media
906404,1272,154,0.12106918238993711,272.0990566037736,673,0.09119496855345911,1658.7885220125786,Ineficaz parcial
906406,2049,323,0.1576378721327477,288.01512933138116,1213,0.15519765739385066,1352.1605661298195,Ineficaz parcial
906408,370,60,0.16216216216216217,297.85675675675674,106,0.25135135135135134,1333.3594594594595,Ineficaz parcial
906410,265,15,0.05660377358490566,246.7698113207547,21,0.011320754716981131,602.2679245283019,Ineficaz parcial
906412,354,107,0.3022598870056497,51.73728813559322,328,0.748587570621469,434.6101694915254,Zona media
906416,88,16,0.18181818181818182,55.68181818181818,82,0.7727272727272727,585.75,Eficiente
906418,9,2,0.2222222222222222,21.0,4,0.3333333333333333,68.55555555555556,Eficiente
906420,38,15,0.39473684210526316,42.3421052631579,33,0.7631578947368421,300.42105263157896,Zona media
906680,385,62,0.16103896103896104,137.44935064935066,170,0.09090909090909091,256.84935064935064,Zona media
906866,655,196,0.29923664122137406,661.2900763358779,655,0.01984732824427481,1819.3068702290077,Ineficaz parcial
907174,2873,845,0.29411764705882354,553.240863209189,2863,0.003132613992342499,1937.7626174730246,Ineficaz parcial
907178,214,113,0.5280373831775701,151.9018691588785,209,0.2523364485981308,144.61214953271028,Ineficaz parcial
907180,87,40,0.45977011494252873,53.67816091954023,87,0.4482758620689655,298.88505747126436,Ineficaz parcial
907182,339,57,0.168141592920354,25.188790560471976,267,0.7463126843657817,195.14749262536873,Eficiente
907224,387,99,0.2558139534883721,46.4702842377261,336,0.1731266149870801,417.5813953488372,Zona media
907440,197,33,0.16751269035532995,29.111675126903553,191,0.8020304568527918,121.83248730964468,Eficiente
907442,93,35,0.3763440860215054,71.3225806451613,93,0.5053763440860215,84.48387096774194,Zona media
907502,263,2,0.0076045627376425855,103.89733840304183,0,0.0,244.0912547528517,Zona media
907504,30,7,0.23333333333333334,23.933333333333334,25,0.8,65.46666666666667,Eficiente
907618,1,0,0.0,35.0,0,0.0,39.0,Eficiente
907952,245,21,0.08571428571428572,20.86938775510204,194,0.7918367346938775,269.24897959183676,Eficiente
907964,81,18,0.2222222222222222,19.555555555555557,62,0.6666666666666666,286.18518518518516,Eficiente
907970,190,34,0.17894736842105263,15.357894736842105,172,0.9,253.1315789473684,Eficiente
907972,14,4,0.2857142857142857,25.5,8,0.07142857142857142,99.07142857142857,Zona media
907974,3,0,0.0,9.666666666666666,0,0.0,427.0,Eficiente
907982,165,18,0.10909090909090909,35.127272727272725,89,0.503030303030303,235.1757575757576,Eficiente
907986,502,54,0.10756972111553785,40.256972111553786,501,0.99800796812749,334.16932270916334,Eficiente
907994,164,22,0.13414634146341464,18.164634146341463,122,0.7439024390243902,227.6219512195122,Eficiente
907998,2,0,0.0,26.0,2,0.0,23.0,Eficiente
908002,24,8,0.3333333333333333,36.833333333333336,16,0.0,25.208333333333332,Zona media
908078,115,7,0.06086956521739131,28.843478260869563,69,0.0,246.24347826086955,Eficiente
908080,8,0,0.0,17.25,1,0.125,169.25,Eficiente
908082,51,3,0.058823529411764705,16.92156862745098,20,0.0196078431372549,223.31372549019608,Eficiente
908098,9,0,0.0,68.11111111111111,0,0.0,120.33333333333333,Eficiente
908130,3,0,0.0,28.333333333333332,0,0.3333333333333333,74.66666666666667,Eficiente
908152,15,0,0.0,84.2,0,0.06666666666666667,85.86666666666666,Eficiente
908162,3,0,0.0,89.0,0,0.0,184.66666666666666,Eficiente
908180,1,0,0.0,15.0,0,1.0,6.0,Eficiente
908300,5,0,0.0,101.0,0,0.8,18.4,Zona media
908640,16699,9161,0.5485957242948679,6327.541828852027,16699,0.0004191867776513564,8681.79837115995,Muy ineficaz
908718,3,2,0.6666666666666666,38.666666666666664,3,0.3333333333333333,14.666666666666666,Ineficaz parcial
908834,25,2,0.08,186.16,2,0.0,481.76,Zona media
908958,1142,67,0.05866900175131348,384.0227670753065,132,0.025394045534150613,1426.7031523642731,Ineficaz parcial
908960,872,49,0.05619266055045872,204.42545871559633,116,0.03784403669724771,852.4174311926605,Ineficaz parcial
908984,13,3,0.23076923076923078,116.92307692307692,13,0.0,208.46153846153845,Zona media
909134,221,7,0.03167420814479638,161.35746606334843,6,0.004524886877828055,668.6289592760181,Zona media
909308,15,15,1.0,164.53333333333333,15,0.0,0.0,Ineficaz parcial
909392,5,0,0.0,26.0,0,0.0,102.6,Eficiente
909452,8,0,0.0,115.0,8,0.0,3394.0,Zona media
909502,865,334,0.3861271676300578,561.3341040462428,865,0.0011560693641618498,2024.8774566473987,Ineficaz parcial
909624,3,0,0.0,58.333333333333336,0,0.6666666666666666,92.66666666666667,Eficiente
909768,14,0,0.0,42.0,0,0.0,278.64285714285717,Eficiente
909892,8,2,0.25,15.0,4,0.0,109.625,Eficiente
909894,1,0,0.0,13.0,0,0.0,19.0,Eficiente
909896,1,0,0.0,9.0,0,0.0,16.0,Eficiente
909910,344,106,0.3081395348837209,49.28779069767442,344,0.30523255813953487,490.1279069767442,Zona media
910018,133,0,0.0,93.23308270676692,0,0.03007518796992481,689.2781954887218,Eficiente
910038,2,0,0.0,15.0,0,0.0,102.0,Eficiente
910044,19,0,0.0,32.89473684210526,0,0.0,301.42105263157896,Eficiente
910224,11,0,0.0,23.181818181818183,0,0.0,44.36363636363637,Eficiente
910226,8,2,0.25,16.5,0,0.0,43.375,Eficiente
910516,35,0,0.0,43.628571428571426,0,0.0,148.82857142857142,Eficiente
910520,227,63,0.2775330396475771,93.93832599118943,227,0.0,500.2863436123348,Zona media
910524,85,33,0.38823529411764707,248.9294117647059,85,0.011764705882352941,1543.6,Ineficaz parcial
910530,1077,388,0.36025998142989785,753.1894150417827,1077,0.0,2753.862581244197,Ineficaz parcial
910532,214,58,0.27102803738317754,215.29439252336448,214,0.0,1338.9018691588785,Ineficaz parcial
910540,169,1,0.005917159763313609,81.66272189349112,0,0.0,694.094674556213,Eficiente
910594,28,23,0.8214285714285714,378.42857142857144,28,0.0,14.464285714285714,Muy ineficaz
910902,17,0,0.0,34.05882352941177,17,0.0,990.0,Eficiente
910926,25,0,0.0,61.96,25,0.0,1863.6,Eficiente
910958,13,0,0.0,81.0,0,0.15384615384615385,103.46153846153847,Eficiente
911102,36,3,0.08333333333333333,80.5,0,0.0,88.13888888888889,Eficiente
911104,1,0,0.0,13.0,0,0.0,137.0,Eficiente
911136,240,1,0.004166666666666667,124.53333333333333,0,0.0,840.425,Zona media
911138,316,4,0.012658227848101266,132.68037974683546,0,0.0,901.2658227848101,Zona media
911140,75,2,0.02666666666666667,72.61333333333333,0,0.0,354.88,Eficiente
911142,26,3,0.11538461538461539,93.0,0,0.0,72.96153846153847,Eficiente
911152,2,0,0.0,43.0,0,0.0,59.0,Eficiente
911214,2,0,0.0,18.0,0,0.0,10.5,Eficiente
911310,525,42,0.08,307.6495238095238,107,0.007619047619047619,1400.2171428571428,Ineficaz parcial
912010,146,2,0.0136986301369863,72.57534246575342,0,0.0136986301369863,228.08219178082192,Eficiente
912252,311,100,0.3215434083601286,87.73311897106109,269,0.0,413.56913183279744,Zona media
912296,687,180,0.26200873362445415,94.23144104803494,511,0.0,697.1746724890829,Zona media
912684,28,1,0.03571428571428571,95.10714285714286,0,0.10714285714285714,362.64285714285717,Eficiente
912722,607,146,0.24052718286655683,47.034596375617795,432,0.31466227347611203,360.36079077429986,Eficiente
913474,13,6,0.46153846153846156,48.23076923076923,11,0.0,30.153846153846153,Ineficaz parcial
913780,5,0,0.0,37.4,0,0.0,146.0,Eficiente
913788,1860,363,0.19516129032258064,217.79247311827956,1029,0.0,985.1462365591398,Ineficaz parcial
913868,44,25,0.5681818181818182,62.31818181818182,25,0.3181818181818182,281.1136363636364,Ineficaz parcial
913886,2,1,0.5,13.5,0,0.0,19.0,Ineficaz parcial
913938,5657,128,0.022626834010959874,809.8506275410995,436,0.00035354428142124803,6907.3185433975605,Ineficaz parcial
913942,3109,225,0.07237053715020907,647.5297523319396,468,0.004503055644901898,4570.8710196204565,Ineficaz parcial
913984,12,10,0.8333333333333334,21.583333333333332,11,0.8333333333333334,17.75,Ineficaz parcial
914036,35,15,0.42857142857142855,164.28571428571428,35,0.02857142857142857,642.8571428571429,Ineficaz parcial
914050,438,228,0.5205479452054794,348.7648401826484,426,0.00684931506849315,1334.107305936073,Muy ineficaz
914052,1468,995,0.6777929155313351,445.71866485013624,1468,0.0,292.61307901907355,Muy ineficaz
914168,11,2,0.18181818181818182,62.27272727272727,10,0.0,181.8181818181818,Eficiente
914170,19,3,0.15789473684210525,31.842105263157894,4,0.0,620.2631578947369,Eficiente
914172,12,0,0.0,53.5,0,0.0,77.5,Eficiente
914238,374,23,0.06149732620320856,122.90106951871658,374,0.0213903743315508,842.1096256684492,Zona media
914240,56,20,0.35714285714285715,130.17857142857142,56,0.0,472.98214285714283,Zona media
914256,26,0,0.0,31.615384615384617,1,0.0,121.76923076923077,Eficiente
914266,5,0,0.0,23.6,5,0.4,28.4,Eficiente
914272,1,1,1.0,9.0,1,0.0,0.0,Ineficaz parcial
914338,48,16,0.3333333333333333,45.083333333333336,48,0.14583333333333334,274.25,Zona media
914348,9,1,0.1111111111111111,7.333333333333333,9,0.0,579.7777777777778,Eficiente
914426,7,1,0.14285714285714285,37.857142857142854,4,0.0,111.28571428571429,Eficiente
914440,31,2,0.06451612903225806,38.064516129032256,1,0.0967741935483871,254.8709677419355,Eficiente
914626,1,1,1.0,0.0,1,0.0,0.0,Ineficaz parcial
914630,168,69,0.4107142857142857,131.64880952380952,143,0.0,576.4107142857143,Ineficaz parcial
914636,18,6,0.3333333333333333,31.27777777777778,15,0.16666666666666666,232.33333333333334,Zona media
914816,7,3,0.42857142857142855,19.857142857142858,7,0.42857142857142855,221.71428571428572,Ineficaz parcial
914842,6,0,0.0,18.833333333333332,0,0.0,289.6666666666667,Eficiente
914848,22,11,0.5,89.04545454545455,20,0.0,190.0,Ineficaz parcial
914870,9,4,0.4444444444444444,22.88888888888889,4,0.1111111111111111,34.888888888888886,Ineficaz parcial
915358,277,42,0.15162454873646208,38.72202166064982,277,0.9602888086642599,263.94945848375454,Eficiente
915360,287,58,0.20209059233449478,38.43205574912892,287,0.5888501742160279,447.9512195121951,Eficiente
915504,33,22,0.6666666666666666,153.66666666666666,33,0.0,525.6969696969697,Ineficaz parcial
915556,2421,1264,0.5220983064849236,576.6918628665841,2225,0.0024783147459727386,1352.8550185873605,Muy ineficaz
915558,161,71,0.4409937888198758,123.68944099378882,161,0.018633540372670808,708.1801242236024,Ineficaz parcial
915614,78,48,0.6153846153846154,60.57692307692308,76,0.0,114.85897435897436,Ineficaz parcial
915958,34,4,0.11764705882352941,43.44117647058823,23,0.058823529411764705,379.9117647058824,Eficiente
916424,636,68,0.1069182389937107,137.45283018867926,143,0.07075471698113207,1101.877358490566,Zona media
916596,30,11,0.36666666666666664,165.36666666666667,30,0.0,890.1666666666666,Zona media
916618,175,13,0.07428571428571429,55.011428571428574,120,0.011428571428571429,460.7942857142857,Eficiente
917234,1225,491,0.4008163265306122,500.1510204081633,1220,0.0016326530612244899,1945.8008163265306,Muy ineficaz
917252,21,7,0.3333333333333333,41.904761904761905,14,0.23809523809523808,117.0,Zona media
917378,17,8,0.47058823529411764,62.529411764705884,14,0.11764705882352941,83.41176470588235,Ineficaz parcial
917446,15,6,0.4,55.06666666666667,15,0.0,151.8,Zona media
917680,45,30,0.6666666666666666,45.44444444444444,43,0.0,39.51111111111111,Ineficaz parcial
917682,7,5,0.7142857142857143,25.571428571428573,7,0.0,4.285714285714286,Ineficaz parcial
917846,44,14,0.3181818181818182,31.40909090909091,41,0.22727272727272727,666.6136363636364,Zona media
917850,357,34,0.09523809523809523,62.03361344537815,171,0.20448179271708683,353.5098039215686,Eficiente
917852,1542,253,0.16407263294422827,188.8054474708171,1114,0.00648508430609598,1290.854085603113,Zona media
917856,81,15,0.18518518518518517,25.666666666666668,78,0.024691358024691357,434.65432098765433,Eficiente
917858,5,4,0.8,12.4,4,0.8,30.6,Ineficaz parcial
917876,11,0,0.0,14.727272727272727,2,0.0,46.45454545454545,Eficiente
917890,2,0,0.0,13.0,2,0.0,647.0,Eficiente
918390,262,32,0.12213740458015267,69.35114503816794,262,0.0,2044.2748091603053,Eficiente
918436,905,345,0.3812154696132597,482.01878453038677,865,0.0011049723756906078,1947.825414364641,Ineficaz parcial
918452,327,67,0.20489296636085627,45.403669724770644,327,0.5749235474006116,517.605504587156,Eficiente
918888,11,4,0.36363636363636365,10.363636363636363,3,0.0,13.818181818181818,Zona media
918956,19,7,0.3684210526315789,47.8421052631579,17,0.0,99.78947368421052,Zona media
918958,10,7,0.7,46.3,8,0.7,7.4,Ineficaz parcial
918978,2129,391,0.18365429779239079,329.10145608266794,1360,0.0009394081728511038,1933.9736965711602,Ineficaz parcial
918986,2336,450,0.19263698630136986,422.3326198630137,1623,0.0012842465753424657,1905.060787671233,Ineficaz parcial
918988,2,1,0.5,6.5,1,0.0,8.0,Ineficaz parcial
919126,291,138,0.4742268041237113,505.807560137457,291,0.010309278350515464,598.8419243986255,Muy ineficaz
919128,388,381,0.9819587628865979,2236.3453608247423,388,0.0,1.3762886597938144,Muy ineficaz
919162,2933,1375,0.4688032730992158,2029.7531537674736,2933,0.0,4640.753153767473,Muy ineficaz
919164,733,8,0.010914051841746248,486.13369713506137,11,0.0,4423.7980900409275,Ineficaz parcial
919166,1230,10,0.008130081300813009,698.3707317073171,21,0.0,7444.491869918699,Ineficaz parcial
919188,864,334,0.38657407407407407,2122.2106481481483,864,0.0,6184.104166666667,Ineficaz parcial
919190,85,60,0.7058823529411765,791.3764705882353,83,0.0,502.5176470588235,Muy ineficaz
919192,2233,1069,0.4787281683833408,1480.2333184057322,2233,0.0008956560680698612,4506.060456784595,Muy ineficaz
919194,1565,698,0.4460063897763578,1038.9386581469648,1565,0.0,4939.440255591055,Muy ineficaz
919196,2896,1190,0.41091160220994477,1963.1201657458564,2896,0.0,5655.620856353591,Muy ineficaz
919198,1113,471,0.42318059299191374,1126.9712488769092,1113,0.0,2320.6495956873314,Muy ineficaz
919200,1297,598,0.4610639938319198,1249.373168851195,1297,0.0030840400925212026,3956.3384734001543,Muy ineficaz
919202,2853,1190,0.4171048019628461,1632.4318261479145,2853,0.0,5076.005958640028,Muy ineficaz
919204,1318,13,0.009863429438543247,1011.8414264036419,9,0.0,10178.02124430956,Ineficaz parcial
919206,1000,12,0.012,673.879,1,0.0,3026.127,Ineficaz parcial
919214,22,1,0.045454545454545456,57.04545454545455,1,0.045454545454545456,266.3181818181818,Eficiente
919218,325,164,0.5046153846153846,274.19384615384615,304,0.10153846153846154,756.4553846153846,Muy ineficaz
919302,2528,1178,0.46598101265822783,1922.2915348101267,2528,0.0,7593.806170886076,Muy ineficaz
919306,1664,712,0.42788461538461536,1613.1911057692307,1664,0.0,5369.030048076923,Muy ineficaz
919310,2569,985,0.38341767224601014,1431.9093032308292,2569,0.0,2494.9209809264307,Ineficaz parcial
919314,2794,1288,0.4609878310665712,2289.014316392269,2794,0.0007158196134574087,3361.5905511811025,Muy ineficaz
919318,1846,995,0.5390032502708559,1696.9512459371615,1846,0.0,1146.3656554712893,Muy ineficaz
919362,2546,1276,0.5011783189316575,2073.5353495679497,2546,0.0,4551.97879025923,Muy ineficaz
919364,5096,2964,0.5816326530612245,3059.453296703297,5096,0.0,2157.796703296703,Muy ineficaz
919370,1324,641,0.48413897280966767,1353.4728096676738,1324,0.0,3749.9380664652567,Muy ineficaz
919372,1627,818,0.5027658266748617,1902.6256914566686,1627,0.0,1554.3921327596804,Muy ineficaz
919374,2214,1037,0.46838301716350494,1873.3590785907859,2214,0.0,2520.2488708220417,Muy ineficaz
919376,1415,522,0.36890459363957595,1272.0678445229682,1415,0.0007067137809187279,4256.051590106007,Ineficaz parcial
919378,1227,684,0.5574572127139364,1549.4441727791361,1227,0.0,2015.1898940505298,Muy ineficaz
919382,1827,1189,0.6507936507936508,1634.7536945812808,1827,0.0,957.9096880131362,Muy ineficaz
919390,831,507,0.6101083032490975,1256.352587244284,831,0.0,844.6835138387485,Muy ineficaz
919418,2,2,1.0,10.0,2,0.0,0.0,Ineficaz parcial
919456,1517,804,0.5299934080421885,1461.3124588002636,1517,0.0,2116.2537903757416,Muy ineficaz
919464,1296,660,0.5092592592592593,1283.4992283950617,1296,0.0,2773.1496913580245,Muy ineficaz
919476,2105,992,0.4712589073634204,1745.8047505938243,2105,0.00047505938242280285,3000.0365795724465,Muy ineficaz
919482,1549,721,0.4654615881213686,1455.5655261459005,1549,0.0,4509.208521626856,Muy ineficaz
919490,1803,810,0.4492512479201331,1527.0887409872435,1803,0.0,3607.108153078203,Muy ineficaz
919504,2214,880,0.3974706413730804,1978.4896115627823,2214,0.0,4283.778229448962,Ineficaz parcial
919536,15,10,0.6666666666666666,21.933333333333334,13,0.0,35.13333333333333,Ineficaz parcial
919552,1309,14,0.0106951871657754,660.7379679144385,70,0.002291825821237586,2419.708938120703,Ineficaz parcial
919554,1360,15,0.011029411764705883,680.6191176470588,14,0.0022058823529411764,2050.771323529412,Ineficaz parcial
919790,1818,7,0.0038503850385038503,1210.2530253025302,25,0.0,2352.2266226622664,Ineficaz parcial
919792,913,11,0.012048192771084338,486.01423877327494,84,0.0,1375.0481927710844,Ineficaz parcial
919794,1348,8,0.005934718100890208,1118.7818991097922,21,0.0,2978.439169139466,Ineficaz parcial
919896,8,2,0.25,17.5,0,0.0,120.75,Eficiente
919906,1710,837,0.48947368421052634,1494.033918128655,1710,0.0017543859649122807,4107.117543859649,Muy ineficaz
919910,377,161,0.4270557029177719,345.7771883289125,377,0.0,1301.57824933687,Muy ineficaz
919956,13,0,0.0,10.538461538461538,0,0.07692307692307693,17.46153846153846,Eficiente
919958,2,0,0.0,35.0,0,0.0,38.0,Eficiente
919994,21,0,0.0,79.76190476190476,0,0.0,190.71428571428572,Eficiente
920146,90,38,0.4222222222222222,32.9,90,0.34444444444444444,274.94444444444446,Ineficaz parcial
920414,1266,605,0.47788309636650866,1344.0315955766193,1266,0.0,3916.943917851501,Muy ineficaz
920416,1697,1123,0.661756040070713,1018.9021803182086,1697,0.0,755.8220388921626,Muy ineficaz
920666,509,67,0.13163064833005894,83.97642436149313,305,0.0,930.1630648330059,Eficiente
920706,252,63,0.25,93.7420634920635,171,0.0873015873015873,662.1785714285714,Eficiente
920720,347,77,0.2219020172910663,91.30259365994236,210,0.008645533141210375,474.71757925072046,Eficiente
920726,120,19,0.15833333333333333,41.575,61,0.008333333333333333,371.93333333333334,Eficiente
920728,312,58,0.1858974358974359,102.86217948717949,108,0.07051282051282051,679.6346153846154,Zona media
920732,295,46,0.15593220338983052,135.5050847457627,175,0.013559322033898305,1025.4440677966102,Zona media
920838,256,67,0.26171875,75.35546875,189,0.0078125,541.4453125,Zona media
920852,505,95,0.18811881188118812,83.26930693069306,308,0.0019801980198019802,556.1029702970297,Eficiente
920874,33,0,0.0,60.75757575757576,0,0.0,315.7878787878788,Eficiente
920902,80,9,0.1125,107.925,21,0.0,229.95,Zona media
920928,16,6,0.375,37.625,16,0.625,23.9375,Zona media
920930,1,0,0.0,62.0,0,0.0,21.0,Eficiente
920982,61,0,0.0,66.95081967213115,0,0.0,325.7049180327869,Eficiente
921062,128,7,0.0546875,43.1875,8,0.0234375,382.1484375,Eficiente
921102,30,11,0.36666666666666664,18.0,17,0.36666666666666664,100.2,Zona media
921104,15,6,0.4,26.2,9,0.4,75.13333333333334,Zona media
921116,122,30,0.2459016393442623,59.9344262295082,122,0.32786885245901637,399.07377049180326,Eficiente
921306,1067,236,0.2211808809746954,334.80224929709465,592,0.0009372071227741331,1109.8828491096533,Ineficaz parcial
921316,87,50,0.5747126436781609,24.2183908045977,87,0.5862068965517241,139.35632183908046,Ineficaz parcial
921318,5349,1780,0.33277248083753974,753.7721069358759,2864,0.0026173116470368293,3063.2559356889137,Ineficaz parcial
921320,397,142,0.35768261964735515,199.43324937027708,317,0.0,294.3551637279597,Zona media
921574,1778,855,0.48087739032620924,1622.986501687289,1778,0.0,4023.5202474690664,Muy ineficaz
921584,1346,813,0.6040118870728083,1259.8833580980684,1346,0.0,730.0876671619613,Muy ineficaz
921592,1805,740,0.4099722991689751,1601.834349030471,1805,0.0,2601.378947368421,Muy ineficaz
921594,1145,497,0.434061135371179,1247.944978165939,1145,0.0,3487.6069868995633,Muy ineficaz
921596,1502,621,0.41344873501997337,1415.2623169107856,1502,0.0,3872.0459387483356,Muy ineficaz
921814,100,15,0.15,43.79,48,0.06,467.03,Eficiente
921818,4310,656,0.15220417633410674,379.40208816705336,2306,0.004408352668213457,1745.9457076566125,Ineficaz parcial
922114,13,1,0.07692307692307693,18.923076923076923,12,0.46153846153846156,189.6153846153846,Eficiente
922142,792,369,0.4659090909090909,257.17424242424244,792,0.003787878787878788,643.9873737373738,Muy ineficaz
922154,2,0,0.0,9.0,0,0.0,50.0,Eficiente
922356,22,0,0.0,72.4090909090909,0,0.0,422.09090909090907,Eficiente
922428,260,56,0.2153846153846154,86.86923076923077,230,0.08846153846153847,1049.6538461538462,Eficiente
922474,322,59,0.18322981366459629,86.14285714285714,231,0.16149068322981366,741.5031055900621,Eficiente
922476,207,64,0.30917874396135264,128.70048309178745,207,0.27053140096618356,1676.6811594202898,Zona media
922486,8,6,0.75,2.5,7,0.75,34.375,Ineficaz parcial
922698,16,10,0.625,9.875,12,0.1875,25.4375,Ineficaz parcial
922710,1784,953,0.5341928251121076,1765.1440582959642,1784,0.0,2215.064461883408,Muy ineficaz
923250,182,0,0.0,144.16483516483515,182,0.0,3407.2417582417584,Zona media
923254,10,0,0.0,53.4,9,0.0,1274.8,Eficiente
923526,3054,556,0.18205631958087753,294.7524557956778,2037,0.0,906.9495743287492,Ineficaz parcial
923528,802,163,0.20324189526184538,260.2057356608479,676,0.0012468827930174563,526.714463840399,Ineficaz parcial
923646,2,0,0.0,19.0,0,1.0,14.0,Eficiente
923666,2074,866,0.4175506268081003,1394.96287367406,2074,0.0014464802314368371,5448.667791706846,Muy ineficaz
923744,1,0,0.0,5.0,0,0.0,55.0,Eficiente
923944,43,0,0.0,23.953488372093023,0,0.0,101.30232558139535,Eficiente
924356,268,95,0.35447761194029853,51.74626865671642,268,0.8171641791044776,408.0074626865672,Zona media
924370,16,2,0.125,9.3125,16,0.8125,78.875,Eficiente
924544,121,4,0.03305785123966942,24.06611570247934,13,0.0,302.3388429752066,Eficiente
924546,131,12,0.0916030534351145,36.267175572519086,83,0.0,647.0152671755725,Eficiente
924572,1,1,1.0,1.0,1,0.0,0.0,Ineficaz parcial
924614,23,16,0.6956521739130435,5.173913043478261,16,0.0,14.478260869565217,Ineficaz parcial
924662,1,0,0.0,20.0,0,0.0,28.0,Eficiente
924928,92,11,0.11956521739130435,62.98913043478261,59,0.6086956521739131,362.8152173913044,Eficiente
924930,268,65,0.24253731343283583,89.29850746268657,246,0.22761194029850745,475.910447761194,Eficiente
924932,36,3,0.08333333333333333,25.333333333333332,33,0.7777777777777778,144.33333333333334,Eficiente
924934,626,173,0.2763578274760383,157.78434504792332,621,0.3242811501597444,791.9808306709265,Zona media
924936,8,2,0.25,26.125,0,0.0,70.0,Eficiente
924940,223,72,0.32286995515695066,68.30941704035874,215,0.23766816143497757,400.7757847533632,Zona media
924946,56,19,0.3392857142857143,56.982142857142854,48,0.5714285714285714,487.39285714285717,Zona media
924948,282,98,0.3475177304964539,121.26595744680851,265,0.1453900709219858,435.6985815602837,Zona media
924950,343,69,0.20116618075801748,100.14285714285714,312,0.39941690962099125,816.7784256559767,Zona media
924952,118,28,0.23728813559322035,45.771186440677965,92,0.3050847457627119,230.02542372881356,Eficiente
924954,140,39,0.2785714285714286,60.52857142857143,120,0.3357142857142857,345.85714285714283,Zona media
924956,106,26,0.24528301886792453,48.405660377358494,68,0.2169811320754717,252.17924528301887,Eficiente
924958,273,85,0.31135531135531136,61.633699633699635,242,0.28205128205128205,326.2857142857143,Zona media
924960,303,86,0.2838283828382838,48.95709570957096,249,0.3234323432343234,273.6666666666667,Zona media
925104,2286,479,0.20953630796150483,218.41382327209098,1367,0.0004374453193350831,1050.4912510936133,Ineficaz parcial
925106,23,0,0.0,48.21739130434783,0,0.17391304347826086,101.78260869565217,Eficiente
925134,44,10,0.22727272727272727,497.72727272727275,44,0.0,2855.2272727272725,Ineficaz parcial
925808,11,0,0.0,26.636363636363637,0,0.18181818181818182,100.0909090909091,Eficiente
925826,708,170,0.2401129943502825,125.4816384180791,539,0.009887005649717515,829.9858757062146,Zona media
925828,646,222,0.34365325077399383,115.82972136222911,475,0.0,699.907120743034,Zona media
925922,22210,10023,0.45128320576316977,12628.075191355245,21754,0.0,24233.619495722647,Muy ineficaz
926184,74,13,0.17567567567567569,55.32432432432432,32,0.05405405405405406,503.9054054054054,Eficiente
926214,3,0,0.0,27.0,0,0.0,277.0,Eficiente
926312,140,77,0.55,162.05,130,0.007142857142857143,361.2857142857143,Ineficaz parcial
926486,2626,1370,0.5217060167555218,871.5856816450876,2610,0.0,2722.6953541507996,Muy ineficaz
926490,155,61,0.3935483870967742,78.33548387096774,144,0.05806451612903226,766.7032258064517,Zona media
926872,32,7,0.21875,3.84375,7,0.0,144.21875,Eficiente
927070,42,0,0.0,88.80952380952381,0,0.0,338.2857142857143,Eficiente
927142,7,2,0.2857142857142857,5.285714285714286,3,0.0,339.85714285714283,Zona media
927908,5,0,0.0,6.2,0,0.0,483.2,Eficiente
927910,31,1,0.03225806451612903,10.096774193548388,0,0.0,491.6774193548387,Eficiente
927912,17,1,0.058823529411764705,7.823529411764706,0,0.0,418.11764705882354,Eficiente
927916,635,108,0.1700787401574803,217.2740157480315,488,0.0,1084.075590551181,Ineficaz parcial
928022,8,0,0.0,38.5,0,0.0,98.5,Eficiente
928092,5,0,0.0,82.0,0,0.0,68.2,Eficiente
928142,8,0,0.0,13.75,0,0.0,22.875,Eficiente
928202,32,0,0.0,39.125,0,0.03125,585.28125,Eficiente
928228,69,44,0.6376811594202898,243.40579710144928,69,0.0,645.7536231884058,Muy ineficaz
928282,2,2,1.0,8.0,2,1.0,0.0,Ineficaz parcial
928284,2,2,1.0,11.0,2,1.0,0.0,Ineficaz parcial
928312,1975,706,0.3574683544303797,414.1949367088608,1956,0.008607594936708861,1176.2962025316456,Ineficaz parcial
928382,23,7,0.30434782608695654,12.304347826086957,11,0.0,22.82608695652174,Zona media
928404,5,0,0.0,27.6,0,0.0,112.4,Eficiente
928518,337,138,0.4094955489614243,1218.3916913946587,337,0.0,2515.587537091988,Muy ineficaz
928886,833,340,0.40816326530612246,278.28331332533014,773,0.0012004801920768306,3979.387755102041,Muy ineficaz
928888,1008,280,0.2777777777777778,211.49007936507937,659,0.006944444444444444,883.3968253968254,Ineficaz parcial
928926,16,9,0.5625,35.25,15,0.0,55.625,Ineficaz parcial
929228,92,27,0.29347826086956524,55.96739130434783,91,0.043478260869565216,291.4673913043478,Zona media
929332,41,0,0.0,48.58536585365854,0,0.0,1043.780487804878,Eficiente
929340,8,0,0.0,63.75,0,0.25,230.625,Eficiente
929424,5438,1799,0.3308201544685546,5086.562522986392,4006,0.0003677822728944465,10775.08698050754,Ineficaz parcial
929426,12041,7057,0.586080890291504,6615.731666805083,12041,0.0,5619.410347977742,Muy ineficaz
929428,24572,19638,0.7992023441315318,14052.592503662705,24572,0.0,2088.8757528894675,Muy ineficaz
929542,2,1,0.5,9.0,2,1.0,6.0,Ineficaz parcial
929544,66,18,0.2727272727272727,63.10606060606061,66,0.0,673.469696969697,Zona media
929622,18,1,0.05555555555555555,19.22222222222222,4,0.0,194.16666666666666,Eficiente
929626,63,9,0.14285714285714285,31.444444444444443,21,0.015873015873015872,201.15873015873015,Eficiente
929876,129,39,0.3023255813953488,52.65891472868217,93,0.09302325581395349,366.69767441860466,Zona media
929884,59,5,0.0847457627118644,82.10169491525424,26,0.01694915254237288,206.35593220338984,Eficiente
930020,691,205,0.29667149059334297,229.60926193921853,602,0.010130246020260492,3712.0303907380608,Ineficaz parcial
930186,63,35,0.5555555555555556,205.17460317460316,56,0.0,403.92063492063494,Muy ineficaz
930242,4,1,0.25,17.25,0,0.0,74.25,Eficiente
930264,4,0,0.0,13.25,0,0.0,182.75,Eficiente
930326,12,0,0.0,17.166666666666668,1,0.0,137.25,Eficiente
930510,4,0,0.0,15.5,2,0.0,161.25,Eficiente
930524,28,0,0.0,73.32142857142857,28,0.0,1281.5714285714287,Eficiente
930582,1,0,0.0,16.0,0,0.0,62.0,Eficiente
930586,230,102,0.4434782608695652,122.81304347826087,230,0.004347826086956522,900.104347826087,Ineficaz parcial
930590,68,16,0.23529411764705882,88.42647058823529,68,0.014705882352941176,701.5735294117648,Eficiente
930594,56,18,0.32142857142857145,55.69642857142857,54,0.0,751.4285714285714,Zona media
930660,24,11,0.4583333333333333,38.0,20,0.3333333333333333,271.6666666666667,Ineficaz parcial
930662,23,2,0.08695652173913043,49.869565217391305,23,0.0,259.6521739130435,Eficiente
930690,6,2,0.3333333333333333,10.333333333333334,4,0.0,8.5,Zona media
930692,6,0,0.0,5.0,6,0.0,58.0,Eficiente
930814,15,2,0.13333333333333333,30.6,3,0.0,137.73333333333332,Eficiente
930816,5,0,0.0,13.8,1,0.0,115.0,Eficiente
930818,3,0,0.0,13.666666666666666,0,0.0,141.0,Eficiente
930820,7,0,0.0,13.571428571428571,2,0.0,51.42857142857143,Eficiente
930908,80,18,0.225,13.7,42,0.075,179.525,Eficiente
930910,14,1,0.07142857142857142,8.214285714285714,13,0.07142857142857142,186.92857142857142,Eficiente
930912,246,117,0.47560975609756095,255.2560975609756,246,0.016260162601626018,608.520325203252,Muy ineficaz
930914,329,133,0.40425531914893614,169.85410334346506,329,0.02127659574468085,287.4072948328267,Ineficaz parcial
931458,4690,1117,0.23816631130063967,928.7505330490405,2561,0.0029850746268656717,3510.5076759061835,Ineficaz parcial
931914,33,0,0.0,35.21212121212121,0,0.0,228.87878787878788,Eficiente
932050,145,62,0.42758620689655175,367.68275862068964,145,0.0,1165.8275862068965,Muy ineficaz
932088,12,2,0.16666666666666666,82.33333333333333,12,0.0,743.3333333333334,Eficiente
932246,1,1,1.0,60.0,1,0.0,0.0,Ineficaz parcial
932292,115,32,0.2782608695652174,84.41739130434783,109,0.0,388.3565217391304,Zona media
932304,58,13,0.22413793103448276,83.96551724137932,56,0.017241379310344827,403.7413793103448,Eficiente
932460,29,1,0.034482758620689655,38.41379310344828,0,0.0,249.10344827586206,Eficiente
932498,342,189,0.5526315789473685,488.55847953216374,341,0.0,775.6637426900585,Muy ineficaz
932500,1198,592,0.4941569282136895,441.47328881469116,1189,0.0,1040.939899833055,Muy ineficaz
932502,761,314,0.4126149802890933,535.4152431011827,756,0.0,1844.1590013140603,Muy ineficaz
932672,7,0,0.0,6.0,0,0.0,375.85714285714283,Eficiente
932676,4,3,0.75,20.25,4,0.0,7.0,Ineficaz parcial
932750,29,7,0.2413793103448276,37.93103448275862,17,0.0,328.6551724137931,Eficiente
932754,5,2,0.4,8.4,3,0.0,13.6,Zona media
932798,133,9,0.06766917293233082,55.26315789473684,12,0.007518796992481203,545.9473684210526,Eficiente
932836,346,93,0.26878612716763006,85.92196531791907,324,0.2023121387283237,530.0375722543353,Zona media
932856,4,1,0.25,7.0,4,0.0,505.5,Eficiente
933070,849,386,0.4546525323910483,1398.0106007067138,782,0.0,4185.641931684335,Muy ineficaz
933244,86,36,0.4186046511627907,384.2093023255814,84,0.0,1748.6279069767443,Muy ineficaz
933452,4,3,0.75,8.5,4,0.0,4.25,Ineficaz parcial
933804,25,0,0.0,27.56,0,0.0,97.76,Eficiente
933806,391,200,0.5115089514066496,324.89002557544757,391,0.0076726342710997444,608.531969309463,Muy ineficaz
933810,108,44,0.4074074074074074,241.83333333333334,108,0.0,604.8055555555555,Muy ineficaz
933832,28,0,0.0,41.607142857142854,0,0.0,150.35714285714286,Eficiente
933986,26,6,0.23076923076923078,17.846153846153847,10,0.07692307692307693,131.26923076923077,Eficiente
933996,15,9,0.6,15.733333333333333,11,0.26666666666666666,24.066666666666666,Ineficaz parcial
934000,10,1,0.1,24.5,2,0.2,68.1,Eficiente
934074,38,1,0.02631578947368421,34.3421052631579,0,0.0,300.39473684210526,Eficiente
934076,11,1,0.09090909090909091,69.27272727272727,0,0.0,37.90909090909091,Eficiente
934098,6,2,0.3333333333333333,34.333333333333336,0,0.3333333333333333,9.833333333333334,Zona media
934170,8,0,0.0,24.5,0,0.0,159.5,Eficiente
934188,8,1,0.125,48.625,2,0.0,89.375,Eficiente
934424,8,0,0.0,34.75,0,0.0,55.875,Eficiente
934426,222,110,0.4954954954954955,1330.6126126126126,222,0.0,1111.2162162162163,Muy ineficaz
934428,41,0,0.0,47.853658536585364,0,0.0,228.4878048780488,Eficiente
934430,31,2,0.06451612903225806,48.96774193548387,0,0.0,170.5483870967742,Eficiente
934432,9,0,0.0,59.77777777777778,0,0.0,197.33333333333334,Eficiente
934476,11,9,0.8181818181818182,204.45454545454547,10,1.0,2.3636363636363638,Muy ineficaz
934534,133,2,0.015037593984962405,97.74436090225564,0,0.015037593984962405,357.5338345864662,Eficiente
934608,10,0,0.0,18.9,0,0.0,129.3,Eficiente
935216,36,10,0.2777777777777778,14.416666666666666,34,0.19444444444444445,242.41666666666666,Zona media
935244,30,12,0.4,102.2,28,0.0,512.4333333333333,Zona media
935246,7,5,0.7142857142857143,10.285714285714286,7,0.0,22.0,Ineficaz parcial
935264,70,18,0.2571428571428571,177.17142857142858,66,0.0,1512.6857142857143,Zona media
935268,5,0,0.0,13.8,0,0.0,37.6,Eficiente
935348,363,69,0.19008264462809918,57.925619834710744,187,0.011019283746556474,596.5289256198347,Eficiente
935394,1,0,0.0,7.0,0,0.0,130.0,Eficiente
935548,24,3,0.125,18.416666666666668,5,0.08333333333333333,122.625,Eficiente
935870,8,0,0.0,16.875,0,0.0,43.125,Eficiente
935956,3,0,0.0,39.666666666666664,1,0.0,86.33333333333333,Eficiente
935958,35,1,0.02857142857142857,51.457142857142856,0,0.11428571428571428,435.65714285714284,Eficiente
936110,168,0,0.0,85.72619047619048,0,0.0,628.4345238095239,Eficiente
936296,4,4,1.0,38.5,4,0.25,0.0,Ineficaz parcial
936324,162,67,0.41358024691358025,232.6851851851852,131,0.024691358024691357,332.58024691358025,Muy ineficaz
936382,485,161,0.3319587628865979,284.88659793814435,484,0.008247422680412371,1120.6639175257733,Ineficaz parcial
936514,83,1,0.012048192771084338,81.73493975903614,0,0.07228915662650602,468.2048192771084,Eficiente
936984,75,0,0.0,39.76,0,0.0,274.61333333333334,Eficiente
937156,67,29,0.43283582089552236,218.3134328358209,67,0.14925373134328357,638.776119402985,Muy ineficaz
937352,31,11,0.3548387096774194,41.45161290322581,31,0.12903225806451613,219.09677419354838,Zona media
937362,11,3,0.2727272727272727,62.54545454545455,6,0.45454545454545453,159.36363636363637,Zona media
937366,6,3,0.5,45.666666666666664,3,0.16666666666666666,68.16666666666667,Ineficaz parcial
937368,34,13,0.38235294117647056,46.38235294117647,11,0.23529411764705882,74.58823529411765,Zona media
937370,8,6,0.75,21.875,7,0.875,9.75,Ineficaz parcial
937372,1282,729,0.5686427457098284,1130.3751950078004,1282,0.00234009360374415,1181.4485179407177,Muy ineficaz
937374,30,0,0.0,73.26666666666667,0,0.0,207.93333333333334,Eficiente
937422,37,19,0.5135135135135135,12.0,37,0.8378378378378378,91.89189189189189,Ineficaz parcial
937428,8,0,0.0,18.0,8,1.0,87.125,Eficiente
937430,34,13,0.38235294117647056,31.352941176470587,34,1.0,60.85294117647059,Zona media
937432,28,22,0.7857142857142857,39.285714285714285,25,0.8928571428571429,11.428571428571429,Ineficaz parcial
937604,63,28,0.4444444444444444,35.22222222222222,56,0.09523809523809523,196.8095238095238,Ineficaz parcial
937650,91,47,0.5164835164835165,678.4615384615385,91,0.0,989.7582417582418,Muy ineficaz
937678,196,114,0.5816326530612245,99.0204081632653,176,0.025510204081632654,122.04081632653062,Ineficaz parcial
937708,955,338,0.3539267015706806,264.45130890052354,750,0.0062827225130890054,627.2795811518324,Ineficaz parcial
937710,1,1,1.0,15.0,1,1.0,0.0,Ineficaz parcial
937716,1,1,1.0,19.0,1,0.0,0.0,Ineficaz parcial
937720,1,0,0.0,36.0,1,1.0,9.0,Eficiente
937732,325,122,0.37538461538461537,86.81846153846153,194,0.027692307692307693,325.54769230769233,Zona media
937736,1589,780,0.4908747640025173,516.2762743864065,1285,0.018879798615481436,510.6173694147262,Muy ineficaz
937742,25,0,0.0,28.32,3,0.04,126.64,Eficiente
937750,107,28,0.2616822429906542,83.79439252336448,46,0.009345794392523364,477.6355140186916,Zona media
937752,2253,978,0.4340878828229028,576.1606746560142,1760,0.007545494895694629,1472.5823346648913,Muy ineficaz
937760,1113,474,0.42587601078167114,292.65408805031444,762,0.027852650494159928,495.1033243486074,Muy ineficaz
937762,327,87,0.26605504587155965,116.05504587155963,228,0.03363914373088685,216.3302752293578,Zona media
937770,1,1,1.0,37.0,1,0.0,0.0,Ineficaz parcial
937772,1,1,1.0,18.0,1,0.0,0.0,Ineficaz parcial
937774,316,89,0.28164556962025317,282.32911392405066,176,0.00949367088607595,1105.9335443037974,Ineficaz parcial
937778,1,1,1.0,19.0,1,0.0,0.0,Ineficaz parcial
937780,1132,413,0.36484098939929327,412.37544169611306,962,0.023851590106007067,749.267667844523,Ineficaz parcial
937782,55,17,0.3090909090909091,32.14545454545455,30,0.0,73.92727272727272,Zona media
937786,15,5,0.3333333333333333,45.86666666666667,12,0.3333333333333333,95.2,Zona media
937788,669,263,0.3931240657698057,191.72496263079222,535,0.005979073243647235,527.204783258595,Zona media
937808,1067,436,0.408622305529522,377.377694470478,921,0.01499531396438613,519.4226804123712,Muy ineficaz
937810,407,177,0.4348894348894349,147.48894348894348,308,0.0343980343980344,184.97051597051598,Ineficaz parcial
937812,397,89,0.22418136020151133,125.5969773299748,215,0.042821158690176324,626.4584382871536,Zona media
937854,806,274,0.3399503722084367,190.37841191066997,599,0.031017369727047148,522.3325062034739,Zona media
937856,43,12,0.27906976744186046,35.395348837209305,32,0.023255813953488372,62.7906976744186,Zona media
937860,1771,760,0.42913608130999437,774.0056465273857,1531,0.007340485601355167,1416.863354037267,Muy ineficaz
937862,501,155,0.3093812375249501,162.93413173652695,374,0.005988023952095809,1001.6387225548903,Zona media
937864,109,25,0.22935779816513763,91.1559633027523,60,0.13761467889908258,641.9357798165138,Eficiente
937868,345,102,0.2956521739130435,152.9913043478261,278,0.005797101449275362,893.4521739130435,Zona media
937870,13,7,0.5384615384615384,70.76923076923077,13,0.0,48.0,Ineficaz parcial
937872,1,1,1.0,18.0,1,0.0,0.0,Ineficaz parcial
937874,172,35,0.20348837209302326,414.11046511627904,149,0.005813953488372093,900.796511627907,Ineficaz parcial
937880,7,0,0.0,16.428571428571427,0,0.14285714285714285,100.14285714285714,Eficiente
937888,1233,523,0.42416869424168696,424.18410381184106,1020,0.006488240064882401,642.9002433090025,Muy ineficaz
937898,47,22,0.46808510638297873,246.68085106382978,38,0.1276595744680851,425.17021276595744,Muy ineficaz
937900,4,3,0.75,64.5,4,0.0,15.25,Ineficaz parcial
937902,1216,477,0.39226973684210525,395.71875,959,0.006578947368421052,995.999177631579,Ineficaz parcial
937956,902,26,0.028824833702882482,26.271618625277164,1,0.018847006651884702,2702.1075388026607,Eficiente
937958,303,9,0.0297029702970297,52.834983498349835,0,0.026402640264026403,1105.3432343234324,Eficiente
937960,227,2,0.00881057268722467,78.47136563876651,0,0.022026431718061675,1240.6387665198238,Eficiente
937962,117,4,0.03418803418803419,72.23076923076923,0,0.07692307692307693,616.0769230769231,Eficiente
937966,1130,549,0.48584070796460177,314.1203539823009,865,0.01327433628318584,478.43893805309733,Muy ineficaz
937980,236,70,0.2966101694915254,221.36864406779662,145,0.09322033898305085,539.3516949152543,Ineficaz parcial
937984,68,25,0.36764705882352944,31.764705882352942,41,0.4117647058823529,108.69117647058823,Zona media
937988,365,123,0.336986301369863,234.4849315068493,284,0.0027397260273972603,600.8301369863013,Ineficaz parcial
938022,280,121,0.43214285714285716,652.5892857142857,265,0.0035714285714285713,1414.732142857143,Muy ineficaz
938070,671,298,0.44411326378539495,1797.1326378539493,671,0.0,5035.119225037258,Muy ineficaz
938072,494,197,0.39878542510121456,1281.1943319838056,494,0.0,3009.7793522267207,Ineficaz parcial
938074,664,282,0.4246987951807229,1509.6701807228915,664,0.0,4569.310240963855,Muy ineficaz
938078,856,387,0.45210280373831774,1918.9614485981308,856,0.0011682242990654205,4872.110981308411,Muy ineficaz
938080,742,354,0.477088948787062,2093.4043126684637,742,0.0,4747.719676549866,Muy ineficaz
938414,146,37,0.2534246575342466,247.44520547945206,53,0.00684931506849315,1742.9315068493152,Ineficaz parcial
938432,10,0,0.0,47.9,0,0.0,480.8,Eficiente
938612,211,38,0.18009478672985782,81.05687203791469,138,0.0,605.5118483412323,Eficiente
938614,74,12,0.16216216216216217,44.17567567567568,30,0.0,280.5,Eficiente
938842,113,42,0.37168141592920356,134.32743362831857,113,0.0,959.9115044247787,Zona media
938896,3617,633,0.17500691180536357,571.9554879734586,2393,0.0016588332872546309,1684.7412220071883,Ineficaz parcial
939212,20,8,0.4,14.35,11,0.05,40.65,Zona media
939218,388,153,0.3943298969072165,250.10309278350516,377,0.0,712.6340206185567,Ineficaz parcial
939222,980,364,0.37142857142857144,349.46530612244896,945,0.0,1214.1632653061224,Ineficaz parcial
939224,1551,815,0.5254674403610574,392.2437137330754,1516,0.0,325.23855577047067,Muy ineficaz
939236,5,0,0.0,26.2,5,0.0,598.8,Eficiente
939370,1020,144,0.1411764705882353,459.1607843137255,518,0.0,3935.4666666666667,Ineficaz parcial
939376,1479,439,0.29682217714672077,435.97160243407706,1205,0.0,3242.4097363083165,Ineficaz parcial
939470,748,272,0.36363636363636365,1118.9986631016043,729,0.00267379679144385,3313.379679144385,Ineficaz parcial
939474,820,211,0.2573170731707317,330.2317073170732,603,0.0,2539.9280487804876,Ineficaz parcial
939476,931,357,0.38345864661654133,919.3340494092374,877,0.0,2821.607948442535,Ineficaz parcial
939478,127,51,0.4015748031496063,51.91338582677165,105,0.023622047244094488,487.66141732283467,Ineficaz parcial
939684,161,76,0.4720496894409938,92.8136645962733,142,0.09316770186335403,416.8198757763975,Ineficaz parcial
939698,3,0,0.0,13.333333333333334,1,0.0,18.0,Eficiente
939706,1680,290,0.17261904761904762,708.4315476190476,1027,0.004166666666666667,2124.260119047619,Ineficaz parcial
939708,46,11,0.2391304347826087,265.45652173913044,36,0.0,1293.0652173913043,Ineficaz parcial
939716,30,5,0.16666666666666666,27.033333333333335,16,0.26666666666666666,249.9,Eficiente
939718,10,9,0.9,12.9,10,0.0,1.5,Ineficaz parcial
939736,19,15,0.7894736842105263,28.736842105263158,19,0.6842105263157895,15.368421052631579,Ineficaz parcial
939738,692,284,0.41040462427745666,181.34248554913296,692,0.008670520231213872,823.9783236994219,Ineficaz parcial
939762,2980,865,0.2902684563758389,528.5010067114094,2045,0.009060402684563758,1178.4526845637583,Ineficaz parcial
939886,311,68,0.21864951768488747,133.05144694533763,311,0.04180064308681672,1229.8713826366559,Zona media
940430,103,14,0.13592233009708737,45.14563106796116,27,0.0,525.7864077669902,Eficiente
940432,322,39,0.12111801242236025,131.30434782608697,178,0.0,1647.0993788819876,Zona media
940434,282,48,0.1702127659574468,39.91843971631206,156,0.0,700.2234042553191,Eficiente
940436,39,3,0.07692307692307693,44.666666666666664,7,0.0,484.8205128205128,Eficiente
940438,489,111,0.22699386503067484,113.57259713701431,416,0.0,957.1676891615542,Zona media
940440,60,8,0.13333333333333333,36.766666666666666,14,0.0,422.6,Eficiente
940442,576,113,0.19618055555555555,105.00173611111111,353,0.0,818.1232638888889,Zona media
940456,59,18,0.3050847457627119,13.067796610169491,33,0.2542372881355932,70.05084745762711,Zona media
940458,96,18,0.1875,35.395833333333336,70,0.09375,370.6041666666667,Eficiente
940460,86,31,0.36046511627906974,99.86046511627907,86,0.05813953488372093,1583.3953488372092,Zona media
940474,30,21,0.7,18.7,30,0.43333333333333335,27.633333333333333,Ineficaz parcial
940486,23,13,0.5652173913043478,81.82608695652173,23,0.2608695652173913,86.78260869565217,Ineficaz parcial
940508,2,0,0.0,41.5,0,0.5,74.0,Eficiente
940512,1,0,0.0,19.0,0,0.0,1.0,Eficiente
940514,1,0,0.0,11.0,0,0.0,6.0,Eficiente
940568,10,4,0.4,10.1,7,0.5,67.3,Zona media
940588,2459,61,0.02480683204554697,267.7088247254982,77,0.010166734444896299,7430.361122407483,Ineficaz parcial
940596,490,167,0.3408163265306122,994.9612244897959,489,0.030612244897959183,1833.095918367347,Ineficaz parcial
940610,3,0,0.0,13.666666666666666,1,0.6666666666666666,63.0,Eficiente
940614,719,253,0.3518776077885953,759.0528511821975,574,0.009735744089012517,1923.6954102920722,Ineficaz parcial
940616,3336,1057,0.31684652278177455,1082.2371103117507,2691,0.011690647482014389,2023.113309352518,Ineficaz parcial
940622,1544,297,0.19235751295336787,687.458549222798,815,0.007772020725388601,2652.455310880829,Ineficaz parcial
940624,1814,490,0.2701212789415656,534.3621830209482,1217,0.013230429988974642,1726.0066152149946,Ineficaz parcial
940630,2280,73,0.032017543859649125,377.4223684210526,180,0.015350877192982455,6939.64649122807,Ineficaz parcial
940634,2234,783,0.3504923903312444,854.8755595344674,1743,0.004923903312444047,2388.3406445837063,Ineficaz parcial
940652,1382,367,0.2655571635311143,895.616497829233,968,0.006512301013024602,2592.56005788712,Ineficaz parcial
940658,2789,887,0.3180351380423091,580.9512370025099,1850,0.011832197920401577,2215.8537110075295,Ineficaz parcial
940772,2,0,0.0,9.0,0,1.0,306.0,Eficiente
940782,11,3,0.2727272727272727,27.454545454545453,11,0.8181818181818182,133.45454545454547,Zona media
940788,11,4,0.36363636363636365,72.54545454545455,11,1.0,112.63636363636364,Zona media
940802,5,3,0.6,38.6,5,0.2,10.8,Ineficaz parcial
940814,2,1,0.5,19.5,2,0.0,4.5,Ineficaz parcial
940828,15,4,0.26666666666666666,44.53333333333333,13,0.2,99.06666666666666,Zona media
940842,2,0,0.0,38.5,2,1.0,37.0,Eficiente
940848,2,1,0.5,31.5,2,0.0,23.5,Ineficaz parcial
940952,274,84,0.30656934306569344,196.22627737226279,110,0.0,93.88686131386861,Zona media
940968,18,0,0.0,32.388888888888886,0,0.0,346.8333333333333,Eficiente
941192,1239,718,0.579499596448749,505.65213882163033,1239,0.0,660.4261501210653,Muy ineficaz
941384,758,286,0.37730870712401055,290.098944591029,706,0.002638522427440633,1301.9788918205804,Ineficaz parcial
941390,377,158,0.41909814323607425,1452.5968169761272,376,0.0,1336.15649867374,Muy ineficaz
941628,148,50,0.33783783783783783,268.18918918918916,147,0.0,1675.3716216216217,Ineficaz parcial
941736,11,5,0.45454545454545453,16.454545454545453,11,1.0,28.09090909090909,Ineficaz parcial
941740,8,2,0.25,11.25,8,0.5,74.375,Eficiente
941786,3,0,0.0,39.0,0,0.0,309.0,Eficiente
941810,6,1,0.16666666666666666,14.166666666666666,6,0.8333333333333334,37.0,Eficiente
941816,1,0,0.0,10.0,1,1.0,19.0,Eficiente
941826,1,1,1.0,2.0,1,1.0,0.0,Ineficaz parcial
941838,9,2,0.2222222222222222,28.666666666666668,9,0.0,43.666666666666664,Eficiente
941842,3,2,0.6666666666666666,11.666666666666666,3,0.0,34.333333333333336,Ineficaz parcial
941844,20,5,0.25,25.6,12,0.0,52.3,Eficiente
942174,6,3,0.5,31.166666666666668,6,0.0,153.33333333333334,Ineficaz parcial
942214,3,0,0.0,10.0,0,0.6666666666666666,29.666666666666668,Eficiente
943050,85,61,0.7176470588235294,350.7176470588235,85,0.0,278.4,Muy ineficaz
943066,293,56,0.19112627986348124,108.96587030716724,193,0.0,853.0921501706484,Zona media
943818,27,6,0.2222222222222222,91.33333333333333,26,0.07407407407407407,640.4074074074074,Eficiente
944210,184,12,0.06521739130434782,281.92934782608694,51,0.0,1058.8804347826087,Ineficaz parcial
944216,435,63,0.14482758620689656,187.13793103448276,147,0.0,780.6850574712644,Zona media
944218,451,55,0.12195121951219512,187.13525498891352,179,0.0,909.2350332594235,Zona media
944220,561,90,0.16042780748663102,206.66844919786095,232,0.0,800.0980392156863,Ineficaz parcial
944222,564,117,0.2074468085106383,187.63297872340425,372,0.0,902.2854609929078,Zona media
944226,336,62,0.18452380952380953,179.73809523809524,134,0.0,654.7470238095239,Zona media
944228,36,3,0.08333333333333333,290.6388888888889,5,0.0,744.5555555555555,Ineficaz parcial
944246,10,0,0.0,73.8,1,0.0,374.4,Eficiente
944310,3,0,0.0,9.0,0,0.6666666666666666,136.33333333333334,Eficiente
944474,19,5,0.2631578947368421,79.47368421052632,13,0.0,26.105263157894736,Zona media
944476,220,14,0.06363636363636363,109.10909090909091,17,0.0,629.5545454545454,Zona media
944560,6,1,0.16666666666666666,33.5,1,0.0,17.333333333333332,Eficiente
944564,2,0,0.0,14.0,0,0.0,20.0,Eficiente
944644,177,33,0.1864406779661017,113.26553672316385,147,0.05084745762711865,482.3333333333333,Zona media
944646,648,92,0.1419753086419753,180.54012345679013,368,0.007716049382716049,1127.04012345679,Zona media
944648,52,20,0.38461538461538464,30.615384615384617,47,0.5961538461538461,189.94230769230768,Zona media
944764,645,90,0.13953488372093023,321.9922480620155,290,0.0,2419.2868217054265,Ineficaz parcial
944766,295,41,0.13898305084745763,311.79661016949154,143,0.0,1313.0101694915254,Ineficaz parcial
944808,256,0,0.0,33.984375,0,0.0,1882.96484375,Eficiente
944908,2,0,0.0,13.5,0,0.0,1.5,Eficiente
945046,105,18,0.17142857142857143,135.9904761904762,32,0.02857142857142857,762.8571428571429,Zona media
945052,96,20,0.20833333333333334,114.96875,22,0.0625,1071.6770833333333,Zona media
945058,5,1,0.2,39.0,1,0.0,21.8,Eficiente
945074,3,3,1.0,26.0,3,0.0,0.0,Ineficaz parcial
945274,1,0,0.0,14.0,1,0.0,1.0,Eficiente
945278,4314,1896,0.43949930458970793,3364.788363467779,4314,0.0002318034306907742,5864.882243857209,Muy ineficaz
945280,2538,1176,0.46335697399527187,1304.7663514578408,2538,0.001182033096926714,5635.073680063042,Muy ineficaz
945282,2582,755,0.2924089852827266,1132.5367931835785,2582,0.0003872966692486445,6700.4833462432225,Ineficaz parcial
945284,2210,773,0.3497737556561086,1066.2135746606334,2210,0.0009049773755656109,3700.501809954751,Ineficaz parcial
945286,7919,3964,0.5005682535673697,2676.5912362672057,7919,0.0011365071347392347,2756.1687081702235,Muy ineficaz
945288,2260,630,0.27876106194690264,1366.8845132743363,2260,0.0,7504.968584070796,Ineficaz parcial
945290,3943,1952,0.49505452700989094,1450.7118944965762,3943,0.0,1064.7897539944204,Muy ineficaz
945294,3434,1426,0.41525917297612114,1841.4202096680256,3434,0.0,8523.415259172976,Muy ineficaz
945296,2821,1188,0.4211272598369373,799.0616802552287,2821,0.0007089684509039348,3407.3566111308046,Muy ineficaz
945298,1600,239,0.149375,1077.291875,1600,0.009375,7944.29125,Ineficaz parcial
945302,7059,3526,0.49950417906219013,2523.973933984984,7059,0.0002833262501770789,5379.099730840062,Muy ineficaz
945304,2918,1073,0.36771761480466075,1443.0209047292667,2918,0.0,8148.262508567512,Ineficaz parcial
945308,1761,693,0.393526405451448,1112.511073253833,1761,0.0,6972.105621805792,Ineficaz parcial
945310,3580,1532,0.42793296089385474,1874.4527932960893,3580,0.0005586592178770949,9129.298882681564,Muy ineficaz
945312,2519,668,0.26518459706232633,1236.6050019849147,2519,0.0,8192.740770146884,Ineficaz parcial
945314,1861,853,0.4583557227297152,1058.8662009672219,1861,0.0021493820526598604,3044.86243954863,Muy ineficaz
945316,2751,1188,0.4318429661941112,1099.4260268993094,2751,0.0007270083605961468,4693.533624136678,Muy ineficaz
945318,1998,745,0.37287287287287285,1261.0655655655655,1998,0.0,7173.07057057057,Ineficaz parcial
945320,2605,902,0.346257197696737,1428.0452975047986,2605,0.0,8164.0,Ineficaz parcial
945322,5015,2182,0.4350947158524427,1818.3722831505484,5015,0.00039880358923230307,4542.982652043868,Muy ineficaz
945324,2254,907,0.4023957409050577,1333.7329192546583,2254,0.00044365572315882877,3267.315882874889,Muy ineficaz
945710,1,0,0.0,17.0,0,0.0,50.0,Eficiente
945728,117,72,0.6153846153846154,443.56410256410254,117,0.0,432.12820512820514,Muy ineficaz
945894,1506,656,0.4355909694555113,2327.9588313413014,1506,0.0,1682.7669322709164,Muy ineficaz
945898,3,3,1.0,1.0,3,0.0,0.0,Ineficaz parcial
945900,4817,2249,0.4668881046294374,2254.480797176666,4817,0.00020759809009757111,1181.2312642723687,Muy ineficaz
945902,3310,1606,0.4851963746223565,1616.670090634441,3310,0.0,817.1719033232629,Muy ineficaz
945904,4080,1587,0.3889705882352941,2691.3953431372547,4080,0.0,2064.7549019607845,Ineficaz parcial
946020,1,0,0.0,3.0,0,0.0,5.0,Eficiente
946032,1,0,0.0,8.0,0,0.0,95.0,Eficiente
946072,2,1,0.5,3.5,1,0.5,87.5,Ineficaz parcial
946454,13,13,1.0,0.0,13,0.0,0.0,Ineficaz parcial
946468,1,0,0.0,25.0,0,0.0,18.0,Eficiente
946582,77,16,0.2077922077922078,33.97402597402598,33,0.0,595.2207792207793,Eficiente
946916,32,0,0.0,56.8125,0,0.0,131.34375,Eficiente
946988,8,5,0.625,8.375,5,0.0,23.375,Ineficaz parcial
947304,827,261,0.31559854897218864,265.84885126964934,784,0.03869407496977025,1902.2877871825876,Ineficaz parcial
947306,2,0,0.0,10.0,0,0.0,21.0,Eficiente
947480,5,4,0.8,13.8,5,0.8,43.8,Ineficaz parcial
947590,190,69,0.3631578947368421,82.26842105263158,190,0.03684210526315789,281.33684210526314,Zona media
947592,910,493,0.5417582417582417,498.64065934065934,910,0.0032967032967032967,767.2142857142857,Muy ineficaz
947596,1,0,0.0,16.0,1,0.0,56.0,Eficiente
947598,492,242,0.491869918699187,240.64227642276424,492,0.022357723577235773,281.3089430894309,Muy ineficaz
947600,321,181,0.5638629283489096,255.57320872274144,321,0.04984423676012461,175.04984423676012,Muy ineficaz
947604,976,608,0.6229508196721312,582.2131147540983,975,0.011270491803278689,781.0850409836065,Muy ineficaz
947610,24,9,0.375,15.958333333333334,22,0.6666666666666666,217.125,Zona media
947612,124,42,0.3387096774193548,79.03225806451613,123,0.06451612903225806,414.9032258064516,Zona media
947614,995,578,0.5809045226130654,568.7899497487438,995,0.01407035175879397,487.4281407035176,Muy ineficaz
947616,2151,1238,0.5755462575546257,965.6108786610879,2151,0.00604370060437006,745.0934449093445,Muy ineficaz
947618,1134,623,0.5493827160493827,657.2186948853615,1134,0.015873015873015872,835.3253968253969,Muy ineficaz
947620,1277,896,0.701644479248238,660.7415818324197,1277,0.010180109631949883,309.6100234925607,Muy ineficaz
947636,109,61,0.5596330275229358,355.7798165137615,109,0.01834862385321101,459.72477064220186,Muy ineficaz
947638,1344,826,0.6145833333333334,568.1971726190476,1342,0.010416666666666666,385.2686011904762,Muy ineficaz
947640,538,298,0.5539033457249071,481.70446096654274,538,0.022304832713754646,596.9646840148699,Muy ineficaz
947642,969,714,0.7368421052631579,1163.8513931888544,968,0.013415892672858616,315.1186790505676,Muy ineficaz
947644,470,181,0.3851063829787234,237.26382978723404,470,0.027659574468085105,624.8489361702127,Ineficaz parcial
947646,1984,1037,0.5226814516129032,1460.421875,1984,0.0030241935483870967,1096.9485887096773,Muy ineficaz
947648,3071,2010,0.6545099316183653,1851.1742103549332,3071,0.002930641484858352,1157.8505372842721,Muy ineficaz
947650,1791,1019,0.5689558905639308,903.7772194304857,1791,0.005583472920156337,1303.8503629257398,Muy ineficaz
947652,575,298,0.5182608695652174,454.00695652173914,575,0.01565217391304348,418.38260869565215,Muy ineficaz
947654,2619,1774,0.6773577701412753,2108.327605956472,2619,0.004581901489117984,1090.4868270332188,Muy ineficaz
947658,2855,1838,0.6437828371278459,1698.7887915936954,2855,0.0070052539404553416,885.6070052539404,Muy ineficaz
947816,44,12,0.2727272727272727,47.72727272727273,30,0.06818181818181818,126.18181818181819,Zona media
947818,52,8,0.15384615384615385,68.28846153846153,37,0.0,213.5,Eficiente
947820,17,1,0.058823529411764705,70.76470588235294,17,0.0,307.7647058823529,Eficiente
948150,41,4,0.0975609756097561,85.82926829268293,9,0.04878048780487805,297.1463414634146,Eficiente
948170,5,0,0.0,34.2,3,0.0,154.4,Eficiente
948182,627,146,0.23285486443381181,228.26315789473685,491,0.003189792663476874,631.4545454545455,Ineficaz parcial
948282,1,0,0.0,1.0,0,0.0,60.0,Eficiente
948284,4,0,0.0,26.75,0,0.0,18.0,Eficiente
948286,384,18,0.046875,306.9661458333333,0,0.018229166666666668,941.0130208333334,Ineficaz parcial
948288,24,1,0.041666666666666664,28.916666666666668,0,0.0,150.79166666666666,Eficiente
948524,4,0,0.0,5.5,0,0.0,41.25,Eficiente
948756,176,53,0.30113636363636365,172.8068181818182,175,0.10227272727272728,1995.5056818181818,Zona media
948758,676,169,0.25,324.7026627218935,657,0.03550295857988166,2745.0473372781066,Ineficaz parcial
949252,3,0,0.0,22.666666666666668,0,0.0,194.0,Eficiente
949420,6,1,0.16666666666666666,2.3333333333333335,1,0.0,166.0,Eficiente
950444,95,37,0.3894736842105263,67.93684210526315,95,0.010526315789473684,1481.1052631578948,Zona media
950632,1,0,0.0,13.0,0,0.0,25.0,Eficiente
950634,9,0,0.0,15.555555555555555,0,0.0,14.333333333333334,Eficiente
950640,1,0,0.0,9.0,0,0.0,184.0,Eficiente
950672,54,19,0.35185185185185186,61.870370370370374,53,0.35185185185185186,473.6666666666667,Zona media
950806,13,2,0.15384615384615385,21.076923076923077,4,0.0,55.92307692307692,Eficiente
950972,897,264,0.29431438127090304,1374.9654403567447,893,0.0,3629.535117056856,Ineficaz parcial
951046,58,19,0.3275862068965517,58.206896551724135,55,0.017241379310344827,192.1551724137931,Zona media
951118,4,0,0.0,32.5,0,0.0,64.5,Eficiente
951186,101,9,0.0891089108910891,104.66336633663366,9,0.019801980198019802,1110.960396039604,Zona media
951290,21,9,0.42857142857142855,74.95238095238095,20,0.0,179.52380952380952,Ineficaz parcial
951332,14,3,0.21428571428571427,52.714285714285715,5,0.2857142857142857,137.0,Eficiente
951408,40,17,0.425,20.475,40,0.0,174.3,Ineficaz parcial
951490,33,1,0.030303030303030304,32.696969696969695,0,0.0,279.6969696969697,Eficiente
951492,196,43,0.2193877551020408,50.892857142857146,166,0.42346938775510207,457.4438775510204,Eficiente
951506,261,36,0.13793103448275862,101.05747126436782,218,0.7701149425287356,666.8735632183908,Zona media
951508,492,79,0.16056910569105692,241.08333333333334,153,0.2764227642276423,1161.428861788618,Ineficaz parcial
951526,18,0,0.0,20.944444444444443,0,0.0,106.88888888888889,Eficiente
951614,7,0,0.0,28.571428571428573,0,0.0,133.71428571428572,Eficiente
951648,161,84,0.5217391304347826,775.8944099378882,161,0.0,1217.5031055900622,Muy ineficaz
951650,12,5,0.4166666666666667,63.0,10,0.0,56.583333333333336,Ineficaz parcial
952114,692,362,0.523121387283237,968.9104046242775,691,0.0,2303.9046242774566,Muy ineficaz
952116,354,158,0.4463276836158192,877.3785310734463,354,0.0,2341.237288135593,Muy ineficaz
952126,7,0,0.0,22.0,0,0.0,67.85714285714286,Eficiente
952196,5,2,0.4,14.4,3,0.2,18.0,Zona media
952292,2,0,0.0,81.0,0,0.0,451.0,Eficiente
952392,1557,1026,0.6589595375722543,1177.5985870263328,1557,0.007707129094412331,886.2813102119461,Muy ineficaz
952458,1738,970,0.5581127733026467,1392.0339470655927,1738,0.014959723820483314,1710.0460299194476,Muy ineficaz
952460,199,117,0.5879396984924623,335.22613065326635,199,0.03015075376884422,676.7236180904523,Muy ineficaz
952462,12,2,0.16666666666666666,29.916666666666668,2,0.0,45.916666666666664,Eficiente
952466,134,101,0.753731343283582,688.1865671641791,134,0.06716417910447761,270.4029850746269,Muy ineficaz
952468,1184,754,0.6368243243243243,855.4408783783783,1184,0.08614864864864864,1158.8201013513512,Muy ineficaz
952656,45,15,0.3333333333333333,23.711111111111112,41,0.28888888888888886,126.44444444444444,Zona media
952666,1,0,0.0,15.0,0,1.0,56.0,Eficiente
952678,1,0,0.0,30.0,0,0.0,91.0,Eficiente
952734,452,0,0.0,46.73893805309734,0,0.0,12497.575221238938,Eficiente
952914,705,252,0.3574468085106383,343.868085106383,607,0.0014184397163120568,1139.608510638298,Ineficaz parcial
952916,8,1,0.125,51.875,7,0.0,105.0,Eficiente
952948,5423,536,0.09883828139406232,318.3451963857643,1311,0.007191591370090356,16038.810068227918,Ineficaz parcial
952954,3,0,0.0,1.0,0,0.0,7.666666666666667,Eficiente
952968,4,0,0.0,4.0,2,0.0,8.75,Eficiente
952982,9,0,0.0,1.3333333333333333,0,0.0,67.44444444444444,Eficiente
953362,10,8,0.8,20.5,10,0.7,39.0,Ineficaz parcial
953458,61,31,0.5081967213114754,330.6885245901639,61,0.0,1287.7868852459017,Muy ineficaz
953460,10,9,0.9,0.4,10,0.2,1.3,Ineficaz parcial
953462,761,511,0.671484888304862,682.9487516425755,761,0.09067017082785808,2287.011826544021,Muy ineficaz
953464,463,290,0.6263498920086393,545.0129589632829,396,0.06695464362850972,527.3002159827214,Muy ineficaz
953940,1,0,0.0,9.0,0,0.0,17.0,Eficiente
953952,9,0,0.0,36.44444444444444,0,0.0,196.22222222222223,Eficiente
954086,32,0,0.0,62.25,1,0.0,269.59375,Eficiente
954284,1,1,1.0,3.0,1,1.0,0.0,Ineficaz parcial
954290,12,0,0.0,31.583333333333332,0,0.08333333333333333,232.58333333333334,Eficiente
954318,2,1,0.5,5.0,1,0.0,6.0,Ineficaz parcial
954376,4,2,0.5,20.25,4,0.75,8.0,Ineficaz parcial
954378,8,5,0.625,28.875,8,0.875,35.25,Ineficaz parcial
954380,4,3,0.75,22.25,4,1.0,18.25,Ineficaz parcial
954616,7,0,0.0,8.714285714285714,0,0.0,69.57142857142857,Eficiente
954642,417,135,0.3237410071942446,566.2038369304556,417,0.0,1422.1318944844124,Ineficaz parcial
954650,1476,338,0.22899728997289973,500.7608401084011,1014,0.018292682926829267,1882.9078590785907,Ineficaz parcial
954750,296,25,0.08445945945945946,294.4662162162162,73,0.08783783783783784,1196.554054054054,Ineficaz parcial
954810,37,0,0.0,38.21621621621622,0,0.0,339.5135135135135,Eficiente
955032,74,18,0.24324324324324326,55.17567567567568,36,0.013513513513513514,229.28378378378378,Eficiente
955068,2,2,1.0,0.0,2,1.0,0.0,Ineficaz parcial
955082,14,7,0.5,6.285714285714286,14,1.0,14.428571428571429,Ineficaz parcial
955086,1,0,0.0,6.0,1,1.0,8.0,Eficiente
955090,28,4,0.14285714285714285,14.678571428571429,28,1.0,105.5,Eficiente
955094,2,0,0.0,8.0,2,0.5,6.0,Eficiente
955164,5,1,0.2,19.6,3,0.0,27.0,Eficiente
955436,1,0,0.0,23.0,0,0.0,120.0,Eficiente
955820,9,5,0.5555555555555556,28.444444444444443,9,0.0,34.22222222222222,Ineficaz parcial
956080,5,0,0.0,92.8,0,0.0,467.2,Eficiente
956268,29,11,0.3793103448275862,43.310344827586206,22,0.0,50.44827586206897,Zona media
956276,18,6,0.3333333333333333,18.944444444444443,10,0.05555555555555555,56.166666666666664,Zona media
956292,5,0,0.0,14.2,2,0.2,16.6,Eficiente
956298,16,8,0.5,21.9375,16,0.0625,296.0625,Ineficaz parcial
956480,90,0,0.0,90.43333333333334,0,0.0,757.4666666666667,Eficiente
956484,15,0,0.0,36.4,0,0.0,324.1333333333333,Eficiente
956664,1,0,0.0,9.0,0,0.0,99.0,Eficiente
957022,21,13,0.6190476190476191,34.333333333333336,21,0.5714285714285714,116.38095238095238,Ineficaz parcial
957922,23,4,0.17391304347826086,44.608695652173914,20,0.5217391304347826,1308.0,Eficiente
958394,23,0,0.0,24.17391304347826,0,0.0,829.1304347826087,Eficiente
958416,325,111,0.3415384615384615,209.10461538461539,310,0.036923076923076927,1888.4276923076923,Ineficaz parcial
958418,506,166,0.32806324110671936,165.68774703557312,494,0.04940711462450593,1911.094861660079,Zona media
958430,325,82,0.2523076923076923,119.68,303,0.3230769230769231,1057.556923076923,Zona media
958432,188,36,0.19148936170212766,72.95212765957447,171,0.22872340425531915,493.3404255319149,Eficiente
958434,168,48,0.2857142857142857,60.892857142857146,144,0.49404761904761907,436.3988095238095,Zona media
958440,90,11,0.12222222222222222,39.577777777777776,90,0.9888888888888889,1016.9444444444445,Eficiente
958444,78,5,0.0641025641025641,27.58974358974359,78,0.9743589743589743,190.14102564102564,Eficiente
958452,517,154,0.2978723404255319,241.0348162475822,479,0.07156673114119923,1567.5841392649904,Ineficaz parcial
958454,26,5,0.19230769230769232,15.961538461538462,24,0.9230769230769231,85.73076923076923,Eficiente
958456,886,331,0.37358916478555304,800.5778781038375,876,0.03611738148984198,2128.671557562077,Ineficaz parcial
958458,1,1,1.0,0.0,1,1.0,0.0,Ineficaz parcial
958460,227,35,0.15418502202643172,240.03964757709252,114,0.2643171806167401,609.1629955947136,Ineficaz parcial
958468,537,146,0.2718808193668529,340.2513966480447,528,0.04283054003724395,2507.4040968342642,Ineficaz parcial
958470,17,6,0.35294117647058826,24.41176470588235,13,0.0,149.94117647058823,Zona media
958472,33,15,0.45454545454545453,33.81818181818182,33,0.06060606060606061,152.66666666666666,Ineficaz parcial
958478,329,144,0.4376899696048632,339.2917933130699,322,0.02127659574468085,2444.425531914894,Muy ineficaz
958480,176,93,0.5284090909090909,473.3125,176,0.0,233.52272727272728,Muy ineficaz
958640,22,4,0.18181818181818182,21.863636363636363,11,0.0,253.45454545454547,Eficiente
958672,55,12,0.21818181818181817,16.363636363636363,55,0.9636363636363636,116.69090909090909,Eficiente
959118,17,7,0.4117647058823529,69.70588235294117,17,0.0,182.05882352941177,Ineficaz parcial
959312,214,91,0.4252336448598131,67.82242990654206,156,0.22897196261682243,440.86915887850466,Ineficaz parcial
959596,9,8,0.8888888888888888,39.22222222222222,9,0.0,22.11111111111111,Ineficaz parcial
960294,297,165,0.5555555555555556,329.63299663299665,296,0.0,740.979797979798,Muy ineficaz
960296,203,103,0.5073891625615764,309.6009852216749,201,0.0,952.7980295566502,Muy ineficaz
960620,143,25,0.17482517482517482,105.73426573426573,64,0.0,536.993006993007,Zona media
960648,112,30,0.26785714285714285,130.69642857142858,79,0.008928571428571428,767.9285714285714,Zona media
960666,2,0,0.0,3.0,2,1.0,125.0,Eficiente
960670,3,1,0.3333333333333333,24.666666666666668,3,0.0,66.66666666666667,Zona media
960672,278,82,0.2949640287769784,250.33812949640287,278,0.03597122302158273,1706.4712230215828,Ineficaz parcial
960674,2,2,1.0,0.0,2,1.0,0.0,Ineficaz parcial
960698,6,0,0.0,55.333333333333336,0,0.0,585.0,Eficiente
960950,19,9,0.47368421052631576,36.21052631578947,19,1.0,114.3157894736842,Ineficaz parcial
961064,928,372,0.40086206896551724,1257.6056034482758,904,0.0,2671.2456896551726,Muy ineficaz
961552,20,10,0.5,31.4,17,0.65,61.9,Ineficaz parcial
961770,82,0,0.0,65.79268292682927,0,0.012195121951219513,230.73170731707316,Eficiente
962062,22,0,0.0,33.63636363636363,0,0.0,101.0909090909091,Eficiente
962168,4,0,0.0,17.25,0,0.25,70.75,Eficiente
962268,151,48,0.31788079470198677,135.97350993377484,106,0.006622516556291391,392.12582781456956,Zona media
962658,747,116,0.15528781793842034,225.6532797858099,371,0.06559571619812583,1511.3922356091032,Ineficaz parcial
962902,702,98,0.1396011396011396,328.1823361823362,458,0.0641025641025641,1287.0669515669515,Ineficaz parcial
962904,2,2,1.0,43.0,2,0.0,0.0,Ineficaz parcial
963716,1,0,0.0,14.0,1,0.0,25.0,Eficiente
964510,159,37,0.23270440251572327,134.77358490566039,143,0.018867924528301886,970.1698113207547,Zona media
964518,2,0,0.0,42.0,0,0.0,13.0,Eficiente
964666,920,364,0.39565217391304347,1613.5380434782608,875,0.002173913043478261,4941.917391304348,Ineficaz parcial
964712,21,5,0.23809523809523808,52.857142857142854,12,0.42857142857142855,43.904761904761905,Eficiente
964716,326,39,0.1196319018404908,183.93865030674846,326,0.018404907975460124,3346.116564417178,Zona media
965232,38,10,0.2631578947368421,97.10526315789474,38,0.10526315789473684,515.078947368421,Zona media
965328,28,8,0.2857142857142857,80.89285714285714,28,0.03571428571428571,231.25,Zona media
965538,548,207,0.3777372262773723,891.3211678832117,548,0.0,5207.06204379562,Ineficaz parcial
965540,919,301,0.32752992383025026,1340.923830250272,919,0.0,5662.079434167574,Ineficaz parcial
965542,776,286,0.36855670103092786,1850.6688144329896,776,0.01804123711340206,8099.735824742268,Ineficaz parcial
965544,1277,668,0.5231010180109632,2608.5317149569305,1277,0.0007830853563038371,7811.364134690682,Muy ineficaz
965942,4,0,0.0,25.5,0,0.5,107.5,Eficiente
966158,37,10,0.2702702702702703,47.0,34,0.2972972972972973,659.2162162162163,Zona media
966686,3,0,0.0,25.333333333333332,1,1.0,177.33333333333334,Eficiente
967204,3,1,0.3333333333333333,4.0,3,1.0,5.0,Zona media
967310,59,29,0.4915254237288136,114.15254237288136,58,0.13559322033898305,146.91525423728814,Ineficaz parcial
968150,104,30,0.28846153846153844,118.5,100,0.0,1530.75,Zona media
968232,1,0,0.0,13.0,0,0.0,114.0,Eficiente
968338,275,82,0.29818181818181816,366.2836363636364,259,0.0,1369.1854545454546,Ineficaz parcial
968368,2,0,0.0,19.0,0,0.0,27.0,Eficiente
968520,10,0,0.0,5.0,0,0.0,33.0,Eficiente
969262,1,1,1.0,17.0,1,1.0,0.0,Ineficaz parcial
969268,5,0,0.0,25.0,5,0.4,83.2,Eficiente
969272,466,102,0.21888412017167383,268.66309012875536,241,0.04935622317596566,1135.3240343347638,Ineficaz parcial
969284,1,1,1.0,4.0,1,1.0,0.0,Ineficaz parcial
969286,8,3,0.375,20.625,8,0.25,306.375,Zona media
969288,5,2,0.4,40.2,2,0.0,143.2,Zona media
969294,98,9,0.09183673469387756,159.74489795918367,14,0.04081632653061224,1669.908163265306,Zona media
969380,15,14,0.9333333333333333,44.333333333333336,14,0.9333333333333333,6.666666666666667,Ineficaz parcial
969386,55,24,0.43636363636363634,135.27272727272728,55,0.03636363636363636,302.6909090909091,Ineficaz parcial
969600,29,0,0.0,130.3793103448276,29,0.0,4228.413793103448,Zona media
970240,2,1,0.5,26.5,1,0.0,10.0,Ineficaz parcial
970242,10,7,0.7,44.6,10,0.2,331.8,Ineficaz parcial
970244,4,1,0.25,44.5,2,0.25,72.25,Eficiente
970250,1,1,1.0,8.0,1,0.0,0.0,Ineficaz parcial
970252,8,3,0.375,37.5,7,0.0,71.0,Zona media
970254,12,5,0.4166666666666667,87.0,9,0.25,47.916666666666664,Ineficaz parcial
970258,1,1,1.0,11.0,1,0.0,0.0,Ineficaz parcial
970484,7,5,0.7142857142857143,19.0,7,0.0,21.428571428571427,Ineficaz parcial
970486,6,2,0.3333333333333333,20.666666666666668,6,0.0,141.0,Zona media
971100,3,0,0.0,15.666666666666666,0,0.0,93.0,Eficiente
971102,78,0,0.0,426.8974358974359,0,0.0,3377.628205128205,Ineficaz parcial
971354,6,0,0.0,61.333333333333336,0,0.0,577.1666666666666,Eficiente
972408,8,4,0.5,22.5,8,0.0,100.0,Ineficaz parcial
972410,77,37,0.4805194805194805,433.038961038961,77,0.0,1042.5194805194806,Muy ineficaz
972412,61,25,0.4098360655737705,255.9016393442623,60,0.0,1014.1639344262295,Muy ineficaz
972460,70,28,0.4,183.65714285714284,68,0.04285714285714286,565.2142857142857,Zona media
973120,3,2,0.6666666666666666,7.0,3,0.0,1.6666666666666667,Ineficaz parcial
973286,2,0,0.0,88.0,0,0.0,17.0,Eficiente
